Workbook
Name CollisionThreshold: Settings!$B$6
Name FilterList: OFFSET(Lists!$K$5,0,0,MAX(1,COUNTIF(Lists!$K$5:$K$16,"?*")),1)
Name MonthList: Lists!$M$5:$M$16
Name MotionNames: Lists!$E$5:$E$7
Name PlanYear: Settings!$B$4
Name PracticeList: OFFSET(Lists!$B$5,0,0,MAX(1,COUNTA(Lists!$B$5:$B$16)),1)
Name PracticeNames: Lists!$B$5:$B$16
Name SelMonthNum: 'Monthly View'!$K$1
Name SelPractice: 'Practice View'!$B$5
Name StatusFilter: Settings!$B$5
Name StatusList: OFFSET(Lists!$I$5,0,0,MAX(1,COUNTA(Lists!$I$5:$I$14)),1)
Name TypeList: OFFSET(Lists!$G$5,0,0,MAX(1,COUNTA(Lists!$G$5:$G$24)),1)

Sheet Start Here
B1: THE INTEGRATED VIEW
B2: Integrated Marketing Calendar
B3: One place to plan the whole motion - connect it, compound it, coordinate it.
B5: HOW IT WORKS
B6: 1. Enter activities | C6: Go to Activity Planner. One row per activity: name, practice, motion, type, start (and end) date, status. Everything else updates itself.
B7: 2. Read the views | C7: Annual View = the whole year by practice and month. Monthly View = pick a month. Practice View = pick a practice.
B8: 3. Add a practice | C8: Lists sheet > Practices: type the new name in the next yellow cell. It appears in the dropdowns and all views (room for 12).
B9: 4. Roll the year | C9: Settings > Planning year. Update dates in the planner; clear sample rows first.
B11: THE THREE MOTIONS
B12: Create the reason to care | C12: Why should the market care? Point of view, research, market insight.
B13: Build momentum | C13: Keep the story moving. PR, campaigns, launches, events, executive visibility.
B14: Create opportunity | C14: Turn attention into conversations. Client activation, webinars, roundtables, outreach, follow-up.
B16: THE THREE PRINCIPLES
B17: CONNECT | C17: See where one market moment or activity can support multiple priorities.
B18: COMPOUND | C18: Build on existing momentum rather than creating isolated activity from scratch.
B19: COORDINATE | C19: Identify collisions, gaps and opportunities for better sequencing across the portfolio.
B21: GOOD TO KNOW
B22: Multi-month activities | C22: An activity from 1-Mar to 15-May counts in March, April and May. Year totals count it once.
B23: Status filter | C23: Settings > Status filter. Default hides Cancelled. Applies to every view.
B24: Red row in planner | C24: The Check column explains what is missing (practice, motion, date...).
B25: Several editors | C25: Keep the file on SharePoint/OneDrive so people can edit together. Only edit Activity Planner, Lists and Settings. View sheets are locked (no password).
B26: Sample data | C26: The 19 sample rows are from the original slide. Delete or overwrite them. Do not delete rows - clear their contents.
B27: Capacity | C27: 1000 activity rows, 12 practices, 20 activity types.

Sheet Annual View
A1: THE INTEGRATED VIEW
A2: See the whole motion. Build on what's already happening.
A3: Launches, thought leadership, PR, campaigns, events and client activation in one view, so activity can connect, compound and create sustained opportunity.
A4: ="Planning year "&PlanYear&" | Showing: "&StatusFilter&" (change on the Settings sheet)" -> 0
A6: PRIORITY | B6: JAN | C6: FEB | D6: MAR | E6: APR | F6: MAY | G6: JUN | H6: JUL | I6: AUG | J6: SEP | K6: OCT | L6: NOV | M6: DEC
A7: =IF(Lists!$B$5="","",Lists!$B$5) -> 0 | B7: {=IF($A7="","",_xlfn.TEXTJOIN(CHAR(10),TRUE,IFERROR(INDEX('Activity Planner'!$B$5:$B$1004,SMALL(IF(('Activity Planner'!$C$5:$C$1004=$A7)*('Activity Planner'!$O$5:$O$1004=1),ROW('Activity Planner'!$B$5:$B$1004)-4),{1,2,3})),""))&IF(Calc!B3>3,CHAR(10)&"+"&(Calc!B3-3)&" more",""))} -> 0 | C7: {=IF($A7="","",_xlfn.TEXTJOIN(CHAR(10),TRUE,IFERROR(INDEX('Activity Planner'!$B$5:$B$1004,SMALL(IF(('Activity Planner'!$C$5:$C$1004=$A7)*('Activity Planner'!$P$5:$P$1004=1),ROW('Activity Planner'!$B$5:$B$1004)-4),{1,2,3})),""))&IF(Calc!C3>3,CHAR(10)&"+"&(Calc!C3-3)&" more",""))} -> 0 | D7: {=IF($A7="","",_xlfn.TEXTJOIN(CHAR(10),TRUE,IFERROR(INDEX('Activity Planner'!$B$5:$B$1004,SMALL(IF(('Activity Planner'!$C$5:$C$1004=$A7)*('Activity Planner'!$Q$5:$Q$1004=1),ROW('Activity Planner'!$B$5:$B$1004)-4),{1,2,3})),""))&IF(Calc!D3>3,CHAR(10)&"+"&(Calc!D3-3)&" more",""))} -> 0 | E7: {=IF($A7="","",_xlfn.TEXTJOIN(CHAR(10),TRUE,IFERROR(INDEX('Activity Planner'!$B$5:$B$1004,SMALL(IF(('Activity Planner'!$C$5:$C$1004=$A7)*('Activity Planner'!$R$5:$R$1004=1),ROW('Activity Planner'!$B$5:$B$1004)-4),{1,2,3})),""))&IF(Calc!E3>3,CHAR(10)&"+"&(Calc!E3-3)&" more",""))} -> 0 | F7: {=IF($A7="","",_xlfn.TEXTJOIN(CHAR(10),TRUE,IFERROR(INDEX('Activity Planner'!$B$5:$B$1004,SMALL(IF(('Activity Planner'!$C$5:$C$1004=$A7)*('Activity Planner'!$S$5:$S$1004=1),ROW('Activity Planner'!$B$5:$B$1004)-4),{1,2,3})),""))&IF(Calc!F3>3,CHAR(10)&"+"&(Calc!F3-3)&" more",""))} -> 0 | G7: {=IF($A7="","",_xlfn.TEXTJOIN(CHAR(10),TRUE,IFERROR(INDEX('Activity Planner'!$B$5:$B$1004,SMALL(IF(('Activity Planner'!$C$5:$C$1004=$A7)*('Activity Planner'!$T$5:$T$1004=1),ROW('Activity Planner'!$B$5:$B$1004)-4),{1,2,3})),""))&IF(Calc!G3>3,CHAR(10)&"+"&(Calc!G3-3)&" more",""))} -> 0 | H7: {=IF($A7="","",_xlfn.TEXTJOIN(CHAR(10),TRUE,IFERROR(INDEX('Activity Planner'!$B$5:$B$1004,SMALL(IF(('Activity Planner'!$C$5:$C$1004=$A7)*('Activity Planner'!$U$5:$U$1004=1),ROW('Activity Planner'!$B$5:$B$1004)-4),{1,2,3})),""))&IF(Calc!H3>3,CHAR(10)&"+"&(Calc!H3-3)&" more",""))} -> 0 | I7: {=IF($A7="","",_xlfn.TEXTJOIN(CHAR(10),TRUE,IFERROR(INDEX('Activity Planner'!$B$5:$B$1004,SMALL(IF(('Activity Planner'!$C$5:$C$1004=$A7)*('Activity Planner'!$V$5:$V$1004=1),ROW('Activity Planner'!$B$5:$B$1004)-4),{1,2,3})),""))&IF(Calc!I3>3,CHAR(10)&"+"&(Calc!I3-3)&" more",""))} -> 0 | J7: {=IF($A7="","",_xlfn.TEXTJOIN(CHAR(10),TRUE,IFERROR(INDEX('Activity Planner'!$B$5:$B$1004,SMALL(IF(('Activity Planner'!$C$5:$C$1004=$A7)*('Activity Planner'!$W$5:$W$1004=1),ROW('Activity Planner'!$B$5:$B$1004)-4),{1,2,3})),""))&IF(Calc!J3>3,CHAR(10)&"+"&(Calc!J3-3)&" more",""))} -> 0 | K7: {=IF($A7="","",_xlfn.TEXTJOIN(CHAR(10),TRUE,IFERROR(INDEX('Activity Planner'!$B$5:$B$1004,SMALL(IF(('Activity Planner'!$C$5:$C$1004=$A7)*('Activity Planner'!$X$5:$X$1004=1),ROW('Activity Planner'!$B$5:$B$1004)-4),{1,2,3})),""))&IF(Calc!K3>3,CHAR(10)&"+"&(Calc!K3-3)&" more",""))} -> 0 | L7: {=IF($A7="","",_xlfn.TEXTJOIN(CHAR(10),TRUE,IFERROR(INDEX('Activity Planner'!$B$5:$B$1004,SMALL(IF(('Activity Planner'!$C$5:$C$1004=$A7)*('Activity Planner'!$Y$5:$Y$1004=1),ROW('Activity Planner'!$B$5:$B$1004)-4),{1,2,3})),""))&IF(Calc!L3>3,CHAR(10)&"+"&(Calc!L3-3)&" more",""))} -> 0 | M7: {=IF($A7="","",_xlfn.TEXTJOIN(CHAR(10),TRUE,IFERROR(INDEX('Activity Planner'!$B$5:$B$1004,SMALL(IF(('Activity Planner'!$C$5:$C$1004=$A7)*('Activity Planner'!$Z$5:$Z$1004=1),ROW('Activity Planner'!$B$5:$B$1004)-4),{1,2,3})),""))&IF(Calc!M3>3,CHAR(10)&"+"&(Calc!M3-3)&" more",""))} -> 0
A8: =IF(Lists!$B$6="","",Lists!$B$6) -> 0 | B8: {=IF($A8="","",_xlfn.TEXTJOIN(CHAR(10),TRUE,IFERROR(INDEX('Activity Planner'!$B$5:$B$1004,SMALL(IF(('Activity Planner'!$C$5:$C$1004=$A8)*('Activity Planner'!$O$5:$O$1004=1),ROW('Activity Planner'!$B$5:$B$1004)-4),{1,2,3})),""))&IF(Calc!B4>3,CHAR(10)&"+"&(Calc!B4-3)&" more",""))} -> 0 | C8: {=IF($A8="","",_xlfn.TEXTJOIN(CHAR(10),TRUE,IFERROR(INDEX('Activity Planner'!$B$5:$B$1004,SMALL(IF(('Activity Planner'!$C$5:$C$1004=$A8)*('Activity Planner'!$P$5:$P$1004=1),ROW('Activity Planner'!$B$5:$B$1004)-4),{1,2,3})),""))&IF(Calc!C4>3,CHAR(10)&"+"&(Calc!C4-3)&" more",""))} -> 0 | D8: {=IF($A8="","",_xlfn.TEXTJOIN(CHAR(10),TRUE,IFERROR(INDEX('Activity Planner'!$B$5:$B$1004,SMALL(IF(('Activity Planner'!$C$5:$C$1004=$A8)*('Activity Planner'!$Q$5:$Q$1004=1),ROW('Activity Planner'!$B$5:$B$1004)-4),{1,2,3})),""))&IF(Calc!D4>3,CHAR(10)&"+"&(Calc!D4-3)&" more",""))} -> 0 | E8: {=IF($A8="","",_xlfn.TEXTJOIN(CHAR(10),TRUE,IFERROR(INDEX('Activity Planner'!$B$5:$B$1004,SMALL(IF(('Activity Planner'!$C$5:$C$1004=$A8)*('Activity Planner'!$R$5:$R$1004=1),ROW('Activity Planner'!$B$5:$B$1004)-4),{1,2,3})),""))&IF(Calc!E4>3,CHAR(10)&"+"&(Calc!E4-3)&" more",""))} -> 0 | F8: {=IF($A8="","",_xlfn.TEXTJOIN(CHAR(10),TRUE,IFERROR(INDEX('Activity Planner'!$B$5:$B$1004,SMALL(IF(('Activity Planner'!$C$5:$C$1004=$A8)*('Activity Planner'!$S$5:$S$1004=1),ROW('Activity Planner'!$B$5:$B$1004)-4),{1,2,3})),""))&IF(Calc!F4>3,CHAR(10)&"+"&(Calc!F4-3)&" more",""))} -> 0 | G8: {=IF($A8="","",_xlfn.TEXTJOIN(CHAR(10),TRUE,IFERROR(INDEX('Activity Planner'!$B$5:$B$1004,SMALL(IF(('Activity Planner'!$C$5:$C$1004=$A8)*('Activity Planner'!$T$5:$T$1004=1),ROW('Activity Planner'!$B$5:$B$1004)-4),{1,2,3})),""))&IF(Calc!G4>3,CHAR(10)&"+"&(Calc!G4-3)&" more",""))} -> 0 | H8: {=IF($A8="","",_xlfn.TEXTJOIN(CHAR(10),TRUE,IFERROR(INDEX('Activity Planner'!$B$5:$B$1004,SMALL(IF(('Activity Planner'!$C$5:$C$1004=$A8)*('Activity Planner'!$U$5:$U$1004=1),ROW('Activity Planner'!$B$5:$B$1004)-4),{1,2,3})),""))&IF(Calc!H4>3,CHAR(10)&"+"&(Calc!H4-3)&" more",""))} -> 0 | I8: {=IF($A8="","",_xlfn.TEXTJOIN(CHAR(10),TRUE,IFERROR(INDEX('Activity Planner'!$B$5:$B$1004,SMALL(IF(('Activity Planner'!$C$5:$C$1004=$A8)*('Activity Planner'!$V$5:$V$1004=1),ROW('Activity Planner'!$B$5:$B$1004)-4),{1,2,3})),""))&IF(Calc!I4>3,CHAR(10)&"+"&(Calc!I4-3)&" more",""))} -> 0 | J8: {=IF($A8="","",_xlfn.TEXTJOIN(CHAR(10),TRUE,IFERROR(INDEX('Activity Planner'!$B$5:$B$1004,SMALL(IF(('Activity Planner'!$C$5:$C$1004=$A8)*('Activity Planner'!$W$5:$W$1004=1),ROW('Activity Planner'!$B$5:$B$1004)-4),{1,2,3})),""))&IF(Calc!J4>3,CHAR(10)&"+"&(Calc!J4-3)&" more",""))} -> 0 | K8: {=IF($A8="","",_xlfn.TEXTJOIN(CHAR(10),TRUE,IFERROR(INDEX('Activity Planner'!$B$5:$B$1004,SMALL(IF(('Activity Planner'!$C$5:$C$1004=$A8)*('Activity Planner'!$X$5:$X$1004=1),ROW('Activity Planner'!$B$5:$B$1004)-4),{1,2,3})),""))&IF(Calc!K4>3,CHAR(10)&"+"&(Calc!K4-3)&" more",""))} -> 0 | L8: {=IF($A8="","",_xlfn.TEXTJOIN(CHAR(10),TRUE,IFERROR(INDEX('Activity Planner'!$B$5:$B$1004,SMALL(IF(('Activity Planner'!$C$5:$C$1004=$A8)*('Activity Planner'!$Y$5:$Y$1004=1),ROW('Activity Planner'!$B$5:$B$1004)-4),{1,2,3})),""))&IF(Calc!L4>3,CHAR(10)&"+"&(Calc!L4-3)&" more",""))} -> 0 | M8: {=IF($A8="","",_xlfn.TEXTJOIN(CHAR(10),TRUE,IFERROR(INDEX('Activity Planner'!$B$5:$B$1004,SMALL(IF(('Activity Planner'!$C$5:$C$1004=$A8)*('Activity Planner'!$Z$5:$Z$1004=1),ROW('Activity Planner'!$B$5:$B$1004)-4),{1,2,3})),""))&IF(Calc!M4>3,CHAR(10)&"+"&(Calc!M4-3)&" more",""))} -> 0
A9: =IF(Lists!$B$7="","",Lists!$B$7) -> 0 | B9: {=IF($A9="","",_xlfn.TEXTJOIN(CHAR(10),TRUE,IFERROR(INDEX('Activity Planner'!$B$5:$B$1004,SMALL(IF(('Activity Planner'!$C$5:$C$1004=$A9)*('Activity Planner'!$O$5:$O$1004=1),ROW('Activity Planner'!$B$5:$B$1004)-4),{1,2,3})),""))&IF(Calc!B5>3,CHAR(10)&"+"&(Calc!B5-3)&" more",""))} -> 0 | C9: {=IF($A9="","",_xlfn.TEXTJOIN(CHAR(10),TRUE,IFERROR(INDEX('Activity Planner'!$B$5:$B$1004,SMALL(IF(('Activity Planner'!$C$5:$C$1004=$A9)*('Activity Planner'!$P$5:$P$1004=1),ROW('Activity Planner'!$B$5:$B$1004)-4),{1,2,3})),""))&IF(Calc!C5>3,CHAR(10)&"+"&(Calc!C5-3)&" more",""))} -> 0 | D9: {=IF($A9="","",_xlfn.TEXTJOIN(CHAR(10),TRUE,IFERROR(INDEX('Activity Planner'!$B$5:$B$1004,SMALL(IF(('Activity Planner'!$C$5:$C$1004=$A9)*('Activity Planner'!$Q$5:$Q$1004=1),ROW('Activity Planner'!$B$5:$B$1004)-4),{1,2,3})),""))&IF(Calc!D5>3,CHAR(10)&"+"&(Calc!D5-3)&" more",""))} -> 0 | E9: {=IF($A9="","",_xlfn.TEXTJOIN(CHAR(10),TRUE,IFERROR(INDEX('Activity Planner'!$B$5:$B$1004,SMALL(IF(('Activity Planner'!$C$5:$C$1004=$A9)*('Activity Planner'!$R$5:$R$1004=1),ROW('Activity Planner'!$B$5:$B$1004)-4),{1,2,3})),""))&IF(Calc!E5>3,CHAR(10)&"+"&(Calc!E5-3)&" more",""))} -> 0 | F9: {=IF($A9="","",_xlfn.TEXTJOIN(CHAR(10),TRUE,IFERROR(INDEX('Activity Planner'!$B$5:$B$1004,SMALL(IF(('Activity Planner'!$C$5:$C$1004=$A9)*('Activity Planner'!$S$5:$S$1004=1),ROW('Activity Planner'!$B$5:$B$1004)-4),{1,2,3})),""))&IF(Calc!F5>3,CHAR(10)&"+"&(Calc!F5-3)&" more",""))} -> 0 | G9: {=IF($A9="","",_xlfn.TEXTJOIN(CHAR(10),TRUE,IFERROR(INDEX('Activity Planner'!$B$5:$B$1004,SMALL(IF(('Activity Planner'!$C$5:$C$1004=$A9)*('Activity Planner'!$T$5:$T$1004=1),ROW('Activity Planner'!$B$5:$B$1004)-4),{1,2,3})),""))&IF(Calc!G5>3,CHAR(10)&"+"&(Calc!G5-3)&" more",""))} -> 0 | H9: {=IF($A9="","",_xlfn.TEXTJOIN(CHAR(10),TRUE,IFERROR(INDEX('Activity Planner'!$B$5:$B$1004,SMALL(IF(('Activity Planner'!$C$5:$C$1004=$A9)*('Activity Planner'!$U$5:$U$1004=1),ROW('Activity Planner'!$B$5:$B$1004)-4),{1,2,3})),""))&IF(Calc!H5>3,CHAR(10)&"+"&(Calc!H5-3)&" more",""))} -> 0 | I9: {=IF($A9="","",_xlfn.TEXTJOIN(CHAR(10),TRUE,IFERROR(INDEX('Activity Planner'!$B$5:$B$1004,SMALL(IF(('Activity Planner'!$C$5:$C$1004=$A9)*('Activity Planner'!$V$5:$V$1004=1),ROW('Activity Planner'!$B$5:$B$1004)-4),{1,2,3})),""))&IF(Calc!I5>3,CHAR(10)&"+"&(Calc!I5-3)&" more",""))} -> 0 | J9: {=IF($A9="","",_xlfn.TEXTJOIN(CHAR(10),TRUE,IFERROR(INDEX('Activity Planner'!$B$5:$B$1004,SMALL(IF(('Activity Planner'!$C$5:$C$1004=$A9)*('Activity Planner'!$W$5:$W$1004=1),ROW('Activity Planner'!$B$5:$B$1004)-4),{1,2,3})),""))&IF(Calc!J5>3,CHAR(10)&"+"&(Calc!J5-3)&" more",""))} -> 0 | K9: {=IF($A9="","",_xlfn.TEXTJOIN(CHAR(10),TRUE,IFERROR(INDEX('Activity Planner'!$B$5:$B$1004,SMALL(IF(('Activity Planner'!$C$5:$C$1004=$A9)*('Activity Planner'!$X$5:$X$1004=1),ROW('Activity Planner'!$B$5:$B$1004)-4),{1,2,3})),""))&IF(Calc!K5>3,CHAR(10)&"+"&(Calc!K5-3)&" more",""))} -> 0 | L9: {=IF($A9="","",_xlfn.TEXTJOIN(CHAR(10),TRUE,IFERROR(INDEX('Activity Planner'!$B$5:$B$1004,SMALL(IF(('Activity Planner'!$C$5:$C$1004=$A9)*('Activity Planner'!$Y$5:$Y$1004=1),ROW('Activity Planner'!$B$5:$B$1004)-4),{1,2,3})),""))&IF(Calc!L5>3,CHAR(10)&"+"&(Calc!L5-3)&" more",""))} -> 0 | M9: {=IF($A9="","",_xlfn.TEXTJOIN(CHAR(10),TRUE,IFERROR(INDEX('Activity Planner'!$B$5:$B$1004,SMALL(IF(('Activity Planner'!$C$5:$C$1004=$A9)*('Activity Planner'!$Z$5:$Z$1004=1),ROW('Activity Planner'!$B$5:$B$1004)-4),{1,2,3})),""))&IF(Calc!M5>3,CHAR(10)&"+"&(Calc!M5-3)&" more",""))} -> 0
A10: =IF(Lists!$B$8="","",Lists!$B$8) -> 0 | B10: {=IF($A10="","",_xlfn.TEXTJOIN(CHAR(10),TRUE,IFERROR(INDEX('Activity Planner'!$B$5:$B$1004,SMALL(IF(('Activity Planner'!$C$5:$C$1004=$A10)*('Activity Planner'!$O$5:$O$1004=1),ROW('Activity Planner'!$B$5:$B$1004)-4),{1,2,3})),""))&IF(Calc!B6>3,CHAR(10)&"+"&(Calc!B6-3)&" more",""))} -> 0 | C10: {=IF($A10="","",_xlfn.TEXTJOIN(CHAR(10),TRUE,IFERROR(INDEX('Activity Planner'!$B$5:$B$1004,SMALL(IF(('Activity Planner'!$C$5:$C$1004=$A10)*('Activity Planner'!$P$5:$P$1004=1),ROW('Activity Planner'!$B$5:$B$1004)-4),{1,2,3})),""))&IF(Calc!C6>3,CHAR(10)&"+"&(Calc!C6-3)&" more",""))} -> 0 | D10: {=IF($A10="","",_xlfn.TEXTJOIN(CHAR(10),TRUE,IFERROR(INDEX('Activity Planner'!$B$5:$B$1004,SMALL(IF(('Activity Planner'!$C$5:$C$1004=$A10)*('Activity Planner'!$Q$5:$Q$1004=1),ROW('Activity Planner'!$B$5:$B$1004)-4),{1,2,3})),""))&IF(Calc!D6>3,CHAR(10)&"+"&(Calc!D6-3)&" more",""))} -> 0 | E10: {=IF($A10="","",_xlfn.TEXTJOIN(CHAR(10),TRUE,IFERROR(INDEX('Activity Planner'!$B$5:$B$1004,SMALL(IF(('Activity Planner'!$C$5:$C$1004=$A10)*('Activity Planner'!$R$5:$R$1004=1),ROW('Activity Planner'!$B$5:$B$1004)-4),{1,2,3})),""))&IF(Calc!E6>3,CHAR(10)&"+"&(Calc!E6-3)&" more",""))} -> 0 | F10: {=IF($A10="","",_xlfn.TEXTJOIN(CHAR(10),TRUE,IFERROR(INDEX('Activity Planner'!$B$5:$B$1004,SMALL(IF(('Activity Planner'!$C$5:$C$1004=$A10)*('Activity Planner'!$S$5:$S$1004=1),ROW('Activity Planner'!$B$5:$B$1004)-4),{1,2,3})),""))&IF(Calc!F6>3,CHAR(10)&"+"&(Calc!F6-3)&" more",""))} -> 0 | G10: {=IF($A10="","",_xlfn.TEXTJOIN(CHAR(10),TRUE,IFERROR(INDEX('Activity Planner'!$B$5:$B$1004,SMALL(IF(('Activity Planner'!$C$5:$C$1004=$A10)*('Activity Planner'!$T$5:$T$1004=1),ROW('Activity Planner'!$B$5:$B$1004)-4),{1,2,3})),""))&IF(Calc!G6>3,CHAR(10)&"+"&(Calc!G6-3)&" more",""))} -> 0 | H10: {=IF($A10="","",_xlfn.TEXTJOIN(CHAR(10),TRUE,IFERROR(INDEX('Activity Planner'!$B$5:$B$1004,SMALL(IF(('Activity Planner'!$C$5:$C$1004=$A10)*('Activity Planner'!$U$5:$U$1004=1),ROW('Activity Planner'!$B$5:$B$1004)-4),{1,2,3})),""))&IF(Calc!H6>3,CHAR(10)&"+"&(Calc!H6-3)&" more",""))} -> 0 | I10: {=IF($A10="","",_xlfn.TEXTJOIN(CHAR(10),TRUE,IFERROR(INDEX('Activity Planner'!$B$5:$B$1004,SMALL(IF(('Activity Planner'!$C$5:$C$1004=$A10)*('Activity Planner'!$V$5:$V$1004=1),ROW('Activity Planner'!$B$5:$B$1004)-4),{1,2,3})),""))&IF(Calc!I6>3,CHAR(10)&"+"&(Calc!I6-3)&" more",""))} -> 0 | J10: {=IF($A10="","",_xlfn.TEXTJOIN(CHAR(10),TRUE,IFERROR(INDEX('Activity Planner'!$B$5:$B$1004,SMALL(IF(('Activity Planner'!$C$5:$C$1004=$A10)*('Activity Planner'!$W$5:$W$1004=1),ROW('Activity Planner'!$B$5:$B$1004)-4),{1,2,3})),""))&IF(Calc!J6>3,CHAR(10)&"+"&(Calc!J6-3)&" more",""))} -> 0 | K10: {=IF($A10="","",_xlfn.TEXTJOIN(CHAR(10),TRUE,IFERROR(INDEX('Activity Planner'!$B$5:$B$1004,SMALL(IF(('Activity Planner'!$C$5:$C$1004=$A10)*('Activity Planner'!$X$5:$X$1004=1),ROW('Activity Planner'!$B$5:$B$1004)-4),{1,2,3})),""))&IF(Calc!K6>3,CHAR(10)&"+"&(Calc!K6-3)&" more",""))} -> 0 | L10: {=IF($A10="","",_xlfn.TEXTJOIN(CHAR(10),TRUE,IFERROR(INDEX('Activity Planner'!$B$5:$B$1004,SMALL(IF(('Activity Planner'!$C$5:$C$1004=$A10)*('Activity Planner'!$Y$5:$Y$1004=1),ROW('Activity Planner'!$B$5:$B$1004)-4),{1,2,3})),""))&IF(Calc!L6>3,CHAR(10)&"+"&(Calc!L6-3)&" more",""))} -> 0 | M10: {=IF($A10="","",_xlfn.TEXTJOIN(CHAR(10),TRUE,IFERROR(INDEX('Activity Planner'!$B$5:$B$1004,SMALL(IF(('Activity Planner'!$C$5:$C$1004=$A10)*('Activity Planner'!$Z$5:$Z$1004=1),ROW('Activity Planner'!$B$5:$B$1004)-4),{1,2,3})),""))&IF(Calc!M6>3,CHAR(10)&"+"&(Calc!M6-3)&" more",""))} -> 0
A11: =IF(Lists!$B$9="","",Lists!$B$9) -> 0 | B11: {=IF($A11="","",_xlfn.TEXTJOIN(CHAR(10),TRUE,IFERROR(INDEX('Activity Planner'!$B$5:$B$1004,SMALL(IF(('Activity Planner'!$C$5:$C$1004=$A11)*('Activity Planner'!$O$5:$O$1004=1),ROW('Activity Planner'!$B$5:$B$1004)-4),{1,2,3})),""))&IF(Calc!B7>3,CHAR(10)&"+"&(Calc!B7-3)&" more",""))} -> 0 | C11: {=IF($A11="","",_xlfn.TEXTJOIN(CHAR(10),TRUE,IFERROR(INDEX('Activity Planner'!$B$5:$B$1004,SMALL(IF(('Activity Planner'!$C$5:$C$1004=$A11)*('Activity Planner'!$P$5:$P$1004=1),ROW('Activity Planner'!$B$5:$B$1004)-4),{1,2,3})),""))&IF(Calc!C7>3,CHAR(10)&"+"&(Calc!C7-3)&" more",""))} -> 0 | D11: {=IF($A11="","",_xlfn.TEXTJOIN(CHAR(10),TRUE,IFERROR(INDEX('Activity Planner'!$B$5:$B$1004,SMALL(IF(('Activity Planner'!$C$5:$C$1004=$A11)*('Activity Planner'!$Q$5:$Q$1004=1),ROW('Activity Planner'!$B$5:$B$1004)-4),{1,2,3})),""))&IF(Calc!D7>3,CHAR(10)&"+"&(Calc!D7-3)&" more",""))} -> 0 | E11: {=IF($A11="","",_xlfn.TEXTJOIN(CHAR(10),TRUE,IFERROR(INDEX('Activity Planner'!$B$5:$B$1004,SMALL(IF(('Activity Planner'!$C$5:$C$1004=$A11)*('Activity Planner'!$R$5:$R$1004=1),ROW('Activity Planner'!$B$5:$B$1004)-4),{1,2,3})),""))&IF(Calc!E7>3,CHAR(10)&"+"&(Calc!E7-3)&" more",""))} -> 0 | F11: {=IF($A11="","",_xlfn.TEXTJOIN(CHAR(10),TRUE,IFERROR(INDEX('Activity Planner'!$B$5:$B$1004,SMALL(IF(('Activity Planner'!$C$5:$C$1004=$A11)*('Activity Planner'!$S$5:$S$1004=1),ROW('Activity Planner'!$B$5:$B$1004)-4),{1,2,3})),""))&IF(Calc!F7>3,CHAR(10)&"+"&(Calc!F7-3)&" more",""))} -> 0 | G11: {=IF($A11="","",_xlfn.TEXTJOIN(CHAR(10),TRUE,IFERROR(INDEX('Activity Planner'!$B$5:$B$1004,SMALL(IF(('Activity Planner'!$C$5:$C$1004=$A11)*('Activity Planner'!$T$5:$T$1004=1),ROW('Activity Planner'!$B$5:$B$1004)-4),{1,2,3})),""))&IF(Calc!G7>3,CHAR(10)&"+"&(Calc!G7-3)&" more",""))} -> 0 | H11: {=IF($A11="","",_xlfn.TEXTJOIN(CHAR(10),TRUE,IFERROR(INDEX('Activity Planner'!$B$5:$B$1004,SMALL(IF(('Activity Planner'!$C$5:$C$1004=$A11)*('Activity Planner'!$U$5:$U$1004=1),ROW('Activity Planner'!$B$5:$B$1004)-4),{1,2,3})),""))&IF(Calc!H7>3,CHAR(10)&"+"&(Calc!H7-3)&" more",""))} -> 0 | I11: {=IF($A11="","",_xlfn.TEXTJOIN(CHAR(10),TRUE,IFERROR(INDEX('Activity Planner'!$B$5:$B$1004,SMALL(IF(('Activity Planner'!$C$5:$C$1004=$A11)*('Activity Planner'!$V$5:$V$1004=1),ROW('Activity Planner'!$B$5:$B$1004)-4),{1,2,3})),""))&IF(Calc!I7>3,CHAR(10)&"+"&(Calc!I7-3)&" more",""))} -> 0 | J11: {=IF($A11="","",_xlfn.TEXTJOIN(CHAR(10),TRUE,IFERROR(INDEX('Activity Planner'!$B$5:$B$1004,SMALL(IF(('Activity Planner'!$C$5:$C$1004=$A11)*('Activity Planner'!$W$5:$W$1004=1),ROW('Activity Planner'!$B$5:$B$1004)-4),{1,2,3})),""))&IF(Calc!J7>3,CHAR(10)&"+"&(Calc!J7-3)&" more",""))} -> 0 | K11: {=IF($A11="","",_xlfn.TEXTJOIN(CHAR(10),TRUE,IFERROR(INDEX('Activity Planner'!$B$5:$B$1004,SMALL(IF(('Activity Planner'!$C$5:$C$1004=$A11)*('Activity Planner'!$X$5:$X$1004=1),ROW('Activity Planner'!$B$5:$B$1004)-4),{1,2,3})),""))&IF(Calc!K7>3,CHAR(10)&"+"&(Calc!K7-3)&" more",""))} -> 0 | L11: {=IF($A11="","",_xlfn.TEXTJOIN(CHAR(10),TRUE,IFERROR(INDEX('Activity Planner'!$B$5:$B$1004,SMALL(IF(('Activity Planner'!$C$5:$C$1004=$A11)*('Activity Planner'!$Y$5:$Y$1004=1),ROW('Activity Planner'!$B$5:$B$1004)-4),{1,2,3})),""))&IF(Calc!L7>3,CHAR(10)&"+"&(Calc!L7-3)&" more",""))} -> 0 | M11: {=IF($A11="","",_xlfn.TEXTJOIN(CHAR(10),TRUE,IFERROR(INDEX('Activity Planner'!$B$5:$B$1004,SMALL(IF(('Activity Planner'!$C$5:$C$1004=$A11)*('Activity Planner'!$Z$5:$Z$1004=1),ROW('Activity Planner'!$B$5:$B$1004)-4),{1,2,3})),""))&IF(Calc!M7>3,CHAR(10)&"+"&(Calc!M7-3)&" more",""))} -> 0
A12: =IF(Lists!$B$10="","",Lists!$B$10) -> 0 | B12: {=IF($A12="","",_xlfn.TEXTJOIN(CHAR(10),TRUE,IFERROR(INDEX('Activity Planner'!$B$5:$B$1004,SMALL(IF(('Activity Planner'!$C$5:$C$1004=$A12)*('Activity Planner'!$O$5:$O$1004=1),ROW('Activity Planner'!$B$5:$B$1004)-4),{1,2,3})),""))&IF(Calc!B8>3,CHAR(10)&"+"&(Calc!B8-3)&" more",""))} -> 0 | C12: {=IF($A12="","",_xlfn.TEXTJOIN(CHAR(10),TRUE,IFERROR(INDEX('Activity Planner'!$B$5:$B$1004,SMALL(IF(('Activity Planner'!$C$5:$C$1004=$A12)*('Activity Planner'!$P$5:$P$1004=1),ROW('Activity Planner'!$B$5:$B$1004)-4),{1,2,3})),""))&IF(Calc!C8>3,CHAR(10)&"+"&(Calc!C8-3)&" more",""))} -> 0 | D12: {=IF($A12="","",_xlfn.TEXTJOIN(CHAR(10),TRUE,IFERROR(INDEX('Activity Planner'!$B$5:$B$1004,SMALL(IF(('Activity Planner'!$C$5:$C$1004=$A12)*('Activity Planner'!$Q$5:$Q$1004=1),ROW('Activity Planner'!$B$5:$B$1004)-4),{1,2,3})),""))&IF(Calc!D8>3,CHAR(10)&"+"&(Calc!D8-3)&" more",""))} -> 0 | E12: {=IF($A12="","",_xlfn.TEXTJOIN(CHAR(10),TRUE,IFERROR(INDEX('Activity Planner'!$B$5:$B$1004,SMALL(IF(('Activity Planner'!$C$5:$C$1004=$A12)*('Activity Planner'!$R$5:$R$1004=1),ROW('Activity Planner'!$B$5:$B$1004)-4),{1,2,3})),""))&IF(Calc!E8>3,CHAR(10)&"+"&(Calc!E8-3)&" more",""))} -> 0 | F12: {=IF($A12="","",_xlfn.TEXTJOIN(CHAR(10),TRUE,IFERROR(INDEX('Activity Planner'!$B$5:$B$1004,SMALL(IF(('Activity Planner'!$C$5:$C$1004=$A12)*('Activity Planner'!$S$5:$S$1004=1),ROW('Activity Planner'!$B$5:$B$1004)-4),{1,2,3})),""))&IF(Calc!F8>3,CHAR(10)&"+"&(Calc!F8-3)&" more",""))} -> 0 | G12: {=IF($A12="","",_xlfn.TEXTJOIN(CHAR(10),TRUE,IFERROR(INDEX('Activity Planner'!$B$5:$B$1004,SMALL(IF(('Activity Planner'!$C$5:$C$1004=$A12)*('Activity Planner'!$T$5:$T$1004=1),ROW('Activity Planner'!$B$5:$B$1004)-4),{1,2,3})),""))&IF(Calc!G8>3,CHAR(10)&"+"&(Calc!G8-3)&" more",""))} -> 0 | H12: {=IF($A12="","",_xlfn.TEXTJOIN(CHAR(10),TRUE,IFERROR(INDEX('Activity Planner'!$B$5:$B$1004,SMALL(IF(('Activity Planner'!$C$5:$C$1004=$A12)*('Activity Planner'!$U$5:$U$1004=1),ROW('Activity Planner'!$B$5:$B$1004)-4),{1,2,3})),""))&IF(Calc!H8>3,CHAR(10)&"+"&(Calc!H8-3)&" more",""))} -> 0 | I12: {=IF($A12="","",_xlfn.TEXTJOIN(CHAR(10),TRUE,IFERROR(INDEX('Activity Planner'!$B$5:$B$1004,SMALL(IF(('Activity Planner'!$C$5:$C$1004=$A12)*('Activity Planner'!$V$5:$V$1004=1),ROW('Activity Planner'!$B$5:$B$1004)-4),{1,2,3})),""))&IF(Calc!I8>3,CHAR(10)&"+"&(Calc!I8-3)&" more",""))} -> 0 | J12: {=IF($A12="","",_xlfn.TEXTJOIN(CHAR(10),TRUE,IFERROR(INDEX('Activity Planner'!$B$5:$B$1004,SMALL(IF(('Activity Planner'!$C$5:$C$1004=$A12)*('Activity Planner'!$W$5:$W$1004=1),ROW('Activity Planner'!$B$5:$B$1004)-4),{1,2,3})),""))&IF(Calc!J8>3,CHAR(10)&"+"&(Calc!J8-3)&" more",""))} -> 0 | K12: {=IF($A12="","",_xlfn.TEXTJOIN(CHAR(10),TRUE,IFERROR(INDEX('Activity Planner'!$B$5:$B$1004,SMALL(IF(('Activity Planner'!$C$5:$C$1004=$A12)*('Activity Planner'!$X$5:$X$1004=1),ROW('Activity Planner'!$B$5:$B$1004)-4),{1,2,3})),""))&IF(Calc!K8>3,CHAR(10)&"+"&(Calc!K8-3)&" more",""))} -> 0 | L12: {=IF($A12="","",_xlfn.TEXTJOIN(CHAR(10),TRUE,IFERROR(INDEX('Activity Planner'!$B$5:$B$1004,SMALL(IF(('Activity Planner'!$C$5:$C$1004=$A12)*('Activity Planner'!$Y$5:$Y$1004=1),ROW('Activity Planner'!$B$5:$B$1004)-4),{1,2,3})),""))&IF(Calc!L8>3,CHAR(10)&"+"&(Calc!L8-3)&" more",""))} -> 0 | M12: {=IF($A12="","",_xlfn.TEXTJOIN(CHAR(10),TRUE,IFERROR(INDEX('Activity Planner'!$B$5:$B$1004,SMALL(IF(('Activity Planner'!$C$5:$C$1004=$A12)*('Activity Planner'!$Z$5:$Z$1004=1),ROW('Activity Planner'!$B$5:$B$1004)-4),{1,2,3})),""))&IF(Calc!M8>3,CHAR(10)&"+"&(Calc!M8-3)&" more",""))} -> 0
A13: =IF(Lists!$B$11="","",Lists!$B$11) -> 0 | B13: {=IF($A13="","",_xlfn.TEXTJOIN(CHAR(10),TRUE,IFERROR(INDEX('Activity Planner'!$B$5:$B$1004,SMALL(IF(('Activity Planner'!$C$5:$C$1004=$A13)*('Activity Planner'!$O$5:$O$1004=1),ROW('Activity Planner'!$B$5:$B$1004)-4),{1,2,3})),""))&IF(Calc!B9>3,CHAR(10)&"+"&(Calc!B9-3)&" more",""))} -> 0 | C13: {=IF($A13="","",_xlfn.TEXTJOIN(CHAR(10),TRUE,IFERROR(INDEX('Activity Planner'!$B$5:$B$1004,SMALL(IF(('Activity Planner'!$C$5:$C$1004=$A13)*('Activity Planner'!$P$5:$P$1004=1),ROW('Activity Planner'!$B$5:$B$1004)-4),{1,2,3})),""))&IF(Calc!C9>3,CHAR(10)&"+"&(Calc!C9-3)&" more",""))} -> 0 | D13: {=IF($A13="","",_xlfn.TEXTJOIN(CHAR(10),TRUE,IFERROR(INDEX('Activity Planner'!$B$5:$B$1004,SMALL(IF(('Activity Planner'!$C$5:$C$1004=$A13)*('Activity Planner'!$Q$5:$Q$1004=1),ROW('Activity Planner'!$B$5:$B$1004)-4),{1,2,3})),""))&IF(Calc!D9>3,CHAR(10)&"+"&(Calc!D9-3)&" more",""))} -> 0 | E13: {=IF($A13="","",_xlfn.TEXTJOIN(CHAR(10),TRUE,IFERROR(INDEX('Activity Planner'!$B$5:$B$1004,SMALL(IF(('Activity Planner'!$C$5:$C$1004=$A13)*('Activity Planner'!$R$5:$R$1004=1),ROW('Activity Planner'!$B$5:$B$1004)-4),{1,2,3})),""))&IF(Calc!E9>3,CHAR(10)&"+"&(Calc!E9-3)&" more",""))} -> 0 | F13: {=IF($A13="","",_xlfn.TEXTJOIN(CHAR(10),TRUE,IFERROR(INDEX('Activity Planner'!$B$5:$B$1004,SMALL(IF(('Activity Planner'!$C$5:$C$1004=$A13)*('Activity Planner'!$S$5:$S$1004=1),ROW('Activity Planner'!$B$5:$B$1004)-4),{1,2,3})),""))&IF(Calc!F9>3,CHAR(10)&"+"&(Calc!F9-3)&" more",""))} -> 0 | G13: {=IF($A13="","",_xlfn.TEXTJOIN(CHAR(10),TRUE,IFERROR(INDEX('Activity Planner'!$B$5:$B$1004,SMALL(IF(('Activity Planner'!$C$5:$C$1004=$A13)*('Activity Planner'!$T$5:$T$1004=1),ROW('Activity Planner'!$B$5:$B$1004)-4),{1,2,3})),""))&IF(Calc!G9>3,CHAR(10)&"+"&(Calc!G9-3)&" more",""))} -> 0 | H13: {=IF($A13="","",_xlfn.TEXTJOIN(CHAR(10),TRUE,IFERROR(INDEX('Activity Planner'!$B$5:$B$1004,SMALL(IF(('Activity Planner'!$C$5:$C$1004=$A13)*('Activity Planner'!$U$5:$U$1004=1),ROW('Activity Planner'!$B$5:$B$1004)-4),{1,2,3})),""))&IF(Calc!H9>3,CHAR(10)&"+"&(Calc!H9-3)&" more",""))} -> 0 | I13: {=IF($A13="","",_xlfn.TEXTJOIN(CHAR(10),TRUE,IFERROR(INDEX('Activity Planner'!$B$5:$B$1004,SMALL(IF(('Activity Planner'!$C$5:$C$1004=$A13)*('Activity Planner'!$V$5:$V$1004=1),ROW('Activity Planner'!$B$5:$B$1004)-4),{1,2,3})),""))&IF(Calc!I9>3,CHAR(10)&"+"&(Calc!I9-3)&" more",""))} -> 0 | J13: {=IF($A13="","",_xlfn.TEXTJOIN(CHAR(10),TRUE,IFERROR(INDEX('Activity Planner'!$B$5:$B$1004,SMALL(IF(('Activity Planner'!$C$5:$C$1004=$A13)*('Activity Planner'!$W$5:$W$1004=1),ROW('Activity Planner'!$B$5:$B$1004)-4),{1,2,3})),""))&IF(Calc!J9>3,CHAR(10)&"+"&(Calc!J9-3)&" more",""))} -> 0 | K13: {=IF($A13="","",_xlfn.TEXTJOIN(CHAR(10),TRUE,IFERROR(INDEX('Activity Planner'!$B$5:$B$1004,SMALL(IF(('Activity Planner'!$C$5:$C$1004=$A13)*('Activity Planner'!$X$5:$X$1004=1),ROW('Activity Planner'!$B$5:$B$1004)-4),{1,2,3})),""))&IF(Calc!K9>3,CHAR(10)&"+"&(Calc!K9-3)&" more",""))} -> 0 | L13: {=IF($A13="","",_xlfn.TEXTJOIN(CHAR(10),TRUE,IFERROR(INDEX('Activity Planner'!$B$5:$B$1004,SMALL(IF(('Activity Planner'!$C$5:$C$1004=$A13)*('Activity Planner'!$Y$5:$Y$1004=1),ROW('Activity Planner'!$B$5:$B$1004)-4),{1,2,3})),""))&IF(Calc!L9>3,CHAR(10)&"+"&(Calc!L9-3)&" more",""))} -> 0 | M13: {=IF($A13="","",_xlfn.TEXTJOIN(CHAR(10),TRUE,IFERROR(INDEX('Activity Planner'!$B$5:$B$1004,SMALL(IF(('Activity Planner'!$C$5:$C$1004=$A13)*('Activity Planner'!$Z$5:$Z$1004=1),ROW('Activity Planner'!$B$5:$B$1004)-4),{1,2,3})),""))&IF(Calc!M9>3,CHAR(10)&"+"&(Calc!M9-3)&" more",""))} -> 0
A14: =IF(Lists!$B$12="","",Lists!$B$12) -> 0 | B14: {=IF($A14="","",_xlfn.TEXTJOIN(CHAR(10),TRUE,IFERROR(INDEX('Activity Planner'!$B$5:$B$1004,SMALL(IF(('Activity Planner'!$C$5:$C$1004=$A14)*('Activity Planner'!$O$5:$O$1004=1),ROW('Activity Planner'!$B$5:$B$1004)-4),{1,2,3})),""))&IF(Calc!B10>3,CHAR(10)&"+"&(Calc!B10-3)&" more",""))} -> 0 | C14: {=IF($A14="","",_xlfn.TEXTJOIN(CHAR(10),TRUE,IFERROR(INDEX('Activity Planner'!$B$5:$B$1004,SMALL(IF(('Activity Planner'!$C$5:$C$1004=$A14)*('Activity Planner'!$P$5:$P$1004=1),ROW('Activity Planner'!$B$5:$B$1004)-4),{1,2,3})),""))&IF(Calc!C10>3,CHAR(10)&"+"&(Calc!C10-3)&" more",""))} -> 0 | D14: {=IF($A14="","",_xlfn.TEXTJOIN(CHAR(10),TRUE,IFERROR(INDEX('Activity Planner'!$B$5:$B$1004,SMALL(IF(('Activity Planner'!$C$5:$C$1004=$A14)*('Activity Planner'!$Q$5:$Q$1004=1),ROW('Activity Planner'!$B$5:$B$1004)-4),{1,2,3})),""))&IF(Calc!D10>3,CHAR(10)&"+"&(Calc!D10-3)&" more",""))} -> 0 | E14: {=IF($A14="","",_xlfn.TEXTJOIN(CHAR(10),TRUE,IFERROR(INDEX('Activity Planner'!$B$5:$B$1004,SMALL(IF(('Activity Planner'!$C$5:$C$1004=$A14)*('Activity Planner'!$R$5:$R$1004=1),ROW('Activity Planner'!$B$5:$B$1004)-4),{1,2,3})),""))&IF(Calc!E10>3,CHAR(10)&"+"&(Calc!E10-3)&" more",""))} -> 0 | F14: {=IF($A14="","",_xlfn.TEXTJOIN(CHAR(10),TRUE,IFERROR(INDEX('Activity Planner'!$B$5:$B$1004,SMALL(IF(('Activity Planner'!$C$5:$C$1004=$A14)*('Activity Planner'!$S$5:$S$1004=1),ROW('Activity Planner'!$B$5:$B$1004)-4),{1,2,3})),""))&IF(Calc!F10>3,CHAR(10)&"+"&(Calc!F10-3)&" more",""))} -> 0 | G14: {=IF($A14="","",_xlfn.TEXTJOIN(CHAR(10),TRUE,IFERROR(INDEX('Activity Planner'!$B$5:$B$1004,SMALL(IF(('Activity Planner'!$C$5:$C$1004=$A14)*('Activity Planner'!$T$5:$T$1004=1),ROW('Activity Planner'!$B$5:$B$1004)-4),{1,2,3})),""))&IF(Calc!G10>3,CHAR(10)&"+"&(Calc!G10-3)&" more",""))} -> 0 | H14: {=IF($A14="","",_xlfn.TEXTJOIN(CHAR(10),TRUE,IFERROR(INDEX('Activity Planner'!$B$5:$B$1004,SMALL(IF(('Activity Planner'!$C$5:$C$1004=$A14)*('Activity Planner'!$U$5:$U$1004=1),ROW('Activity Planner'!$B$5:$B$1004)-4),{1,2,3})),""))&IF(Calc!H10>3,CHAR(10)&"+"&(Calc!H10-3)&" more",""))} -> 0 | I14: {=IF($A14="","",_xlfn.TEXTJOIN(CHAR(10),TRUE,IFERROR(INDEX('Activity Planner'!$B$5:$B$1004,SMALL(IF(('Activity Planner'!$C$5:$C$1004=$A14)*('Activity Planner'!$V$5:$V$1004=1),ROW('Activity Planner'!$B$5:$B$1004)-4),{1,2,3})),""))&IF(Calc!I10>3,CHAR(10)&"+"&(Calc!I10-3)&" more",""))} -> 0 | J14: {=IF($A14="","",_xlfn.TEXTJOIN(CHAR(10),TRUE,IFERROR(INDEX('Activity Planner'!$B$5:$B$1004,SMALL(IF(('Activity Planner'!$C$5:$C$1004=$A14)*('Activity Planner'!$W$5:$W$1004=1),ROW('Activity Planner'!$B$5:$B$1004)-4),{1,2,3})),""))&IF(Calc!J10>3,CHAR(10)&"+"&(Calc!J10-3)&" more",""))} -> 0 | K14: {=IF($A14="","",_xlfn.TEXTJOIN(CHAR(10),TRUE,IFERROR(INDEX('Activity Planner'!$B$5:$B$1004,SMALL(IF(('Activity Planner'!$C$5:$C$1004=$A14)*('Activity Planner'!$X$5:$X$1004=1),ROW('Activity Planner'!$B$5:$B$1004)-4),{1,2,3})),""))&IF(Calc!K10>3,CHAR(10)&"+"&(Calc!K10-3)&" more",""))} -> 0 | L14: {=IF($A14="","",_xlfn.TEXTJOIN(CHAR(10),TRUE,IFERROR(INDEX('Activity Planner'!$B$5:$B$1004,SMALL(IF(('Activity Planner'!$C$5:$C$1004=$A14)*('Activity Planner'!$Y$5:$Y$1004=1),ROW('Activity Planner'!$B$5:$B$1004)-4),{1,2,3})),""))&IF(Calc!L10>3,CHAR(10)&"+"&(Calc!L10-3)&" more",""))} -> 0 | M14: {=IF($A14="","",_xlfn.TEXTJOIN(CHAR(10),TRUE,IFERROR(INDEX('Activity Planner'!$B$5:$B$1004,SMALL(IF(('Activity Planner'!$C$5:$C$1004=$A14)*('Activity Planner'!$Z$5:$Z$1004=1),ROW('Activity Planner'!$B$5:$B$1004)-4),{1,2,3})),""))&IF(Calc!M10>3,CHAR(10)&"+"&(Calc!M10-3)&" more",""))} -> 0
A15: =IF(Lists!$B$13="","",Lists!$B$13) -> 0 | B15: {=IF($A15="","",_xlfn.TEXTJOIN(CHAR(10),TRUE,IFERROR(INDEX('Activity Planner'!$B$5:$B$1004,SMALL(IF(('Activity Planner'!$C$5:$C$1004=$A15)*('Activity Planner'!$O$5:$O$1004=1),ROW('Activity Planner'!$B$5:$B$1004)-4),{1,2,3})),""))&IF(Calc!B11>3,CHAR(10)&"+"&(Calc!B11-3)&" more",""))} -> 0 | C15: {=IF($A15="","",_xlfn.TEXTJOIN(CHAR(10),TRUE,IFERROR(INDEX('Activity Planner'!$B$5:$B$1004,SMALL(IF(('Activity Planner'!$C$5:$C$1004=$A15)*('Activity Planner'!$P$5:$P$1004=1),ROW('Activity Planner'!$B$5:$B$1004)-4),{1,2,3})),""))&IF(Calc!C11>3,CHAR(10)&"+"&(Calc!C11-3)&" more",""))} -> 0 | D15: {=IF($A15="","",_xlfn.TEXTJOIN(CHAR(10),TRUE,IFERROR(INDEX('Activity Planner'!$B$5:$B$1004,SMALL(IF(('Activity Planner'!$C$5:$C$1004=$A15)*('Activity Planner'!$Q$5:$Q$1004=1),ROW('Activity Planner'!$B$5:$B$1004)-4),{1,2,3})),""))&IF(Calc!D11>3,CHAR(10)&"+"&(Calc!D11-3)&" more",""))} -> 0 | E15: {=IF($A15="","",_xlfn.TEXTJOIN(CHAR(10),TRUE,IFERROR(INDEX('Activity Planner'!$B$5:$B$1004,SMALL(IF(('Activity Planner'!$C$5:$C$1004=$A15)*('Activity Planner'!$R$5:$R$1004=1),ROW('Activity Planner'!$B$5:$B$1004)-4),{1,2,3})),""))&IF(Calc!E11>3,CHAR(10)&"+"&(Calc!E11-3)&" more",""))} -> 0 | F15: {=IF($A15="","",_xlfn.TEXTJOIN(CHAR(10),TRUE,IFERROR(INDEX('Activity Planner'!$B$5:$B$1004,SMALL(IF(('Activity Planner'!$C$5:$C$1004=$A15)*('Activity Planner'!$S$5:$S$1004=1),ROW('Activity Planner'!$B$5:$B$1004)-4),{1,2,3})),""))&IF(Calc!F11>3,CHAR(10)&"+"&(Calc!F11-3)&" more",""))} -> 0 | G15: {=IF($A15="","",_xlfn.TEXTJOIN(CHAR(10),TRUE,IFERROR(INDEX('Activity Planner'!$B$5:$B$1004,SMALL(IF(('Activity Planner'!$C$5:$C$1004=$A15)*('Activity Planner'!$T$5:$T$1004=1),ROW('Activity Planner'!$B$5:$B$1004)-4),{1,2,3})),""))&IF(Calc!G11>3,CHAR(10)&"+"&(Calc!G11-3)&" more",""))} -> 0 | H15: {=IF($A15="","",_xlfn.TEXTJOIN(CHAR(10),TRUE,IFERROR(INDEX('Activity Planner'!$B$5:$B$1004,SMALL(IF(('Activity Planner'!$C$5:$C$1004=$A15)*('Activity Planner'!$U$5:$U$1004=1),ROW('Activity Planner'!$B$5:$B$1004)-4),{1,2,3})),""))&IF(Calc!H11>3,CHAR(10)&"+"&(Calc!H11-3)&" more",""))} -> 0 | I15: {=IF($A15="","",_xlfn.TEXTJOIN(CHAR(10),TRUE,IFERROR(INDEX('Activity Planner'!$B$5:$B$1004,SMALL(IF(('Activity Planner'!$C$5:$C$1004=$A15)*('Activity Planner'!$V$5:$V$1004=1),ROW('Activity Planner'!$B$5:$B$1004)-4),{1,2,3})),""))&IF(Calc!I11>3,CHAR(10)&"+"&(Calc!I11-3)&" more",""))} -> 0 | J15: {=IF($A15="","",_xlfn.TEXTJOIN(CHAR(10),TRUE,IFERROR(INDEX('Activity Planner'!$B$5:$B$1004,SMALL(IF(('Activity Planner'!$C$5:$C$1004=$A15)*('Activity Planner'!$W$5:$W$1004=1),ROW('Activity Planner'!$B$5:$B$1004)-4),{1,2,3})),""))&IF(Calc!J11>3,CHAR(10)&"+"&(Calc!J11-3)&" more",""))} -> 0 | K15: {=IF($A15="","",_xlfn.TEXTJOIN(CHAR(10),TRUE,IFERROR(INDEX('Activity Planner'!$B$5:$B$1004,SMALL(IF(('Activity Planner'!$C$5:$C$1004=$A15)*('Activity Planner'!$X$5:$X$1004=1),ROW('Activity Planner'!$B$5:$B$1004)-4),{1,2,3})),""))&IF(Calc!K11>3,CHAR(10)&"+"&(Calc!K11-3)&" more",""))} -> 0 | L15: {=IF($A15="","",_xlfn.TEXTJOIN(CHAR(10),TRUE,IFERROR(INDEX('Activity Planner'!$B$5:$B$1004,SMALL(IF(('Activity Planner'!$C$5:$C$1004=$A15)*('Activity Planner'!$Y$5:$Y$1004=1),ROW('Activity Planner'!$B$5:$B$1004)-4),{1,2,3})),""))&IF(Calc!L11>3,CHAR(10)&"+"&(Calc!L11-3)&" more",""))} -> 0 | M15: {=IF($A15="","",_xlfn.TEXTJOIN(CHAR(10),TRUE,IFERROR(INDEX('Activity Planner'!$B$5:$B$1004,SMALL(IF(('Activity Planner'!$C$5:$C$1004=$A15)*('Activity Planner'!$Z$5:$Z$1004=1),ROW('Activity Planner'!$B$5:$B$1004)-4),{1,2,3})),""))&IF(Calc!M11>3,CHAR(10)&"+"&(Calc!M11-3)&" more",""))} -> 0
A16: =IF(Lists!$B$14="","",Lists!$B$14) -> 0 | B16: {=IF($A16="","",_xlfn.TEXTJOIN(CHAR(10),TRUE,IFERROR(INDEX('Activity Planner'!$B$5:$B$1004,SMALL(IF(('Activity Planner'!$C$5:$C$1004=$A16)*('Activity Planner'!$O$5:$O$1004=1),ROW('Activity Planner'!$B$5:$B$1004)-4),{1,2,3})),""))&IF(Calc!B12>3,CHAR(10)&"+"&(Calc!B12-3)&" more",""))} -> 0 | C16: {=IF($A16="","",_xlfn.TEXTJOIN(CHAR(10),TRUE,IFERROR(INDEX('Activity Planner'!$B$5:$B$1004,SMALL(IF(('Activity Planner'!$C$5:$C$1004=$A16)*('Activity Planner'!$P$5:$P$1004=1),ROW('Activity Planner'!$B$5:$B$1004)-4),{1,2,3})),""))&IF(Calc!C12>3,CHAR(10)&"+"&(Calc!C12-3)&" more",""))} -> 0 | D16: {=IF($A16="","",_xlfn.TEXTJOIN(CHAR(10),TRUE,IFERROR(INDEX('Activity Planner'!$B$5:$B$1004,SMALL(IF(('Activity Planner'!$C$5:$C$1004=$A16)*('Activity Planner'!$Q$5:$Q$1004=1),ROW('Activity Planner'!$B$5:$B$1004)-4),{1,2,3})),""))&IF(Calc!D12>3,CHAR(10)&"+"&(Calc!D12-3)&" more",""))} -> 0 | E16: {=IF($A16="","",_xlfn.TEXTJOIN(CHAR(10),TRUE,IFERROR(INDEX('Activity Planner'!$B$5:$B$1004,SMALL(IF(('Activity Planner'!$C$5:$C$1004=$A16)*('Activity Planner'!$R$5:$R$1004=1),ROW('Activity Planner'!$B$5:$B$1004)-4),{1,2,3})),""))&IF(Calc!E12>3,CHAR(10)&"+"&(Calc!E12-3)&" more",""))} -> 0 | F16: {=IF($A16="","",_xlfn.TEXTJOIN(CHAR(10),TRUE,IFERROR(INDEX('Activity Planner'!$B$5:$B$1004,SMALL(IF(('Activity Planner'!$C$5:$C$1004=$A16)*('Activity Planner'!$S$5:$S$1004=1),ROW('Activity Planner'!$B$5:$B$1004)-4),{1,2,3})),""))&IF(Calc!F12>3,CHAR(10)&"+"&(Calc!F12-3)&" more",""))} -> 0 | G16: {=IF($A16="","",_xlfn.TEXTJOIN(CHAR(10),TRUE,IFERROR(INDEX('Activity Planner'!$B$5:$B$1004,SMALL(IF(('Activity Planner'!$C$5:$C$1004=$A16)*('Activity Planner'!$T$5:$T$1004=1),ROW('Activity Planner'!$B$5:$B$1004)-4),{1,2,3})),""))&IF(Calc!G12>3,CHAR(10)&"+"&(Calc!G12-3)&" more",""))} -> 0 | H16: {=IF($A16="","",_xlfn.TEXTJOIN(CHAR(10),TRUE,IFERROR(INDEX('Activity Planner'!$B$5:$B$1004,SMALL(IF(('Activity Planner'!$C$5:$C$1004=$A16)*('Activity Planner'!$U$5:$U$1004=1),ROW('Activity Planner'!$B$5:$B$1004)-4),{1,2,3})),""))&IF(Calc!H12>3,CHAR(10)&"+"&(Calc!H12-3)&" more",""))} -> 0 | I16: {=IF($A16="","",_xlfn.TEXTJOIN(CHAR(10),TRUE,IFERROR(INDEX('Activity Planner'!$B$5:$B$1004,SMALL(IF(('Activity Planner'!$C$5:$C$1004=$A16)*('Activity Planner'!$V$5:$V$1004=1),ROW('Activity Planner'!$B$5:$B$1004)-4),{1,2,3})),""))&IF(Calc!I12>3,CHAR(10)&"+"&(Calc!I12-3)&" more",""))} -> 0 | J16: {=IF($A16="","",_xlfn.TEXTJOIN(CHAR(10),TRUE,IFERROR(INDEX('Activity Planner'!$B$5:$B$1004,SMALL(IF(('Activity Planner'!$C$5:$C$1004=$A16)*('Activity Planner'!$W$5:$W$1004=1),ROW('Activity Planner'!$B$5:$B$1004)-4),{1,2,3})),""))&IF(Calc!J12>3,CHAR(10)&"+"&(Calc!J12-3)&" more",""))} -> 0 | K16: {=IF($A16="","",_xlfn.TEXTJOIN(CHAR(10),TRUE,IFERROR(INDEX('Activity Planner'!$B$5:$B$1004,SMALL(IF(('Activity Planner'!$C$5:$C$1004=$A16)*('Activity Planner'!$X$5:$X$1004=1),ROW('Activity Planner'!$B$5:$B$1004)-4),{1,2,3})),""))&IF(Calc!K12>3,CHAR(10)&"+"&(Calc!K12-3)&" more",""))} -> 0 | L16: {=IF($A16="","",_xlfn.TEXTJOIN(CHAR(10),TRUE,IFERROR(INDEX('Activity Planner'!$B$5:$B$1004,SMALL(IF(('Activity Planner'!$C$5:$C$1004=$A16)*('Activity Planner'!$Y$5:$Y$1004=1),ROW('Activity Planner'!$B$5:$B$1004)-4),{1,2,3})),""))&IF(Calc!L12>3,CHAR(10)&"+"&(Calc!L12-3)&" more",""))} -> 0 | M16: {=IF($A16="","",_xlfn.TEXTJOIN(CHAR(10),TRUE,IFERROR(INDEX('Activity Planner'!$B$5:$B$1004,SMALL(IF(('Activity Planner'!$C$5:$C$1004=$A16)*('Activity Planner'!$Z$5:$Z$1004=1),ROW('Activity Planner'!$B$5:$B$1004)-4),{1,2,3})),""))&IF(Calc!M12>3,CHAR(10)&"+"&(Calc!M12-3)&" more",""))} -> 0
A17: =IF(Lists!$B$15="","",Lists!$B$15) -> 0 | B17: {=IF($A17="","",_xlfn.TEXTJOIN(CHAR(10),TRUE,IFERROR(INDEX('Activity Planner'!$B$5:$B$1004,SMALL(IF(('Activity Planner'!$C$5:$C$1004=$A17)*('Activity Planner'!$O$5:$O$1004=1),ROW('Activity Planner'!$B$5:$B$1004)-4),{1,2,3})),""))&IF(Calc!B13>3,CHAR(10)&"+"&(Calc!B13-3)&" more",""))} -> 0 | C17: {=IF($A17="","",_xlfn.TEXTJOIN(CHAR(10),TRUE,IFERROR(INDEX('Activity Planner'!$B$5:$B$1004,SMALL(IF(('Activity Planner'!$C$5:$C$1004=$A17)*('Activity Planner'!$P$5:$P$1004=1),ROW('Activity Planner'!$B$5:$B$1004)-4),{1,2,3})),""))&IF(Calc!C13>3,CHAR(10)&"+"&(Calc!C13-3)&" more",""))} -> 0 | D17: {=IF($A17="","",_xlfn.TEXTJOIN(CHAR(10),TRUE,IFERROR(INDEX('Activity Planner'!$B$5:$B$1004,SMALL(IF(('Activity Planner'!$C$5:$C$1004=$A17)*('Activity Planner'!$Q$5:$Q$1004=1),ROW('Activity Planner'!$B$5:$B$1004)-4),{1,2,3})),""))&IF(Calc!D13>3,CHAR(10)&"+"&(Calc!D13-3)&" more",""))} -> 0 | E17: {=IF($A17="","",_xlfn.TEXTJOIN(CHAR(10),TRUE,IFERROR(INDEX('Activity Planner'!$B$5:$B$1004,SMALL(IF(('Activity Planner'!$C$5:$C$1004=$A17)*('Activity Planner'!$R$5:$R$1004=1),ROW('Activity Planner'!$B$5:$B$1004)-4),{1,2,3})),""))&IF(Calc!E13>3,CHAR(10)&"+"&(Calc!E13-3)&" more",""))} -> 0 | F17: {=IF($A17="","",_xlfn.TEXTJOIN(CHAR(10),TRUE,IFERROR(INDEX('Activity Planner'!$B$5:$B$1004,SMALL(IF(('Activity Planner'!$C$5:$C$1004=$A17)*('Activity Planner'!$S$5:$S$1004=1),ROW('Activity Planner'!$B$5:$B$1004)-4),{1,2,3})),""))&IF(Calc!F13>3,CHAR(10)&"+"&(Calc!F13-3)&" more",""))} -> 0 | G17: {=IF($A17="","",_xlfn.TEXTJOIN(CHAR(10),TRUE,IFERROR(INDEX('Activity Planner'!$B$5:$B$1004,SMALL(IF(('Activity Planner'!$C$5:$C$1004=$A17)*('Activity Planner'!$T$5:$T$1004=1),ROW('Activity Planner'!$B$5:$B$1004)-4),{1,2,3})),""))&IF(Calc!G13>3,CHAR(10)&"+"&(Calc!G13-3)&" more",""))} -> 0 | H17: {=IF($A17="","",_xlfn.TEXTJOIN(CHAR(10),TRUE,IFERROR(INDEX('Activity Planner'!$B$5:$B$1004,SMALL(IF(('Activity Planner'!$C$5:$C$1004=$A17)*('Activity Planner'!$U$5:$U$1004=1),ROW('Activity Planner'!$B$5:$B$1004)-4),{1,2,3})),""))&IF(Calc!H13>3,CHAR(10)&"+"&(Calc!H13-3)&" more",""))} -> 0 | I17: {=IF($A17="","",_xlfn.TEXTJOIN(CHAR(10),TRUE,IFERROR(INDEX('Activity Planner'!$B$5:$B$1004,SMALL(IF(('Activity Planner'!$C$5:$C$1004=$A17)*('Activity Planner'!$V$5:$V$1004=1),ROW('Activity Planner'!$B$5:$B$1004)-4),{1,2,3})),""))&IF(Calc!I13>3,CHAR(10)&"+"&(Calc!I13-3)&" more",""))} -> 0 | J17: {=IF($A17="","",_xlfn.TEXTJOIN(CHAR(10),TRUE,IFERROR(INDEX('Activity Planner'!$B$5:$B$1004,SMALL(IF(('Activity Planner'!$C$5:$C$1004=$A17)*('Activity Planner'!$W$5:$W$1004=1),ROW('Activity Planner'!$B$5:$B$1004)-4),{1,2,3})),""))&IF(Calc!J13>3,CHAR(10)&"+"&(Calc!J13-3)&" more",""))} -> 0 | K17: {=IF($A17="","",_xlfn.TEXTJOIN(CHAR(10),TRUE,IFERROR(INDEX('Activity Planner'!$B$5:$B$1004,SMALL(IF(('Activity Planner'!$C$5:$C$1004=$A17)*('Activity Planner'!$X$5:$X$1004=1),ROW('Activity Planner'!$B$5:$B$1004)-4),{1,2,3})),""))&IF(Calc!K13>3,CHAR(10)&"+"&(Calc!K13-3)&" more",""))} -> 0 | L17: {=IF($A17="","",_xlfn.TEXTJOIN(CHAR(10),TRUE,IFERROR(INDEX('Activity Planner'!$B$5:$B$1004,SMALL(IF(('Activity Planner'!$C$5:$C$1004=$A17)*('Activity Planner'!$Y$5:$Y$1004=1),ROW('Activity Planner'!$B$5:$B$1004)-4),{1,2,3})),""))&IF(Calc!L13>3,CHAR(10)&"+"&(Calc!L13-3)&" more",""))} -> 0 | M17: {=IF($A17="","",_xlfn.TEXTJOIN(CHAR(10),TRUE,IFERROR(INDEX('Activity Planner'!$B$5:$B$1004,SMALL(IF(('Activity Planner'!$C$5:$C$1004=$A17)*('Activity Planner'!$Z$5:$Z$1004=1),ROW('Activity Planner'!$B$5:$B$1004)-4),{1,2,3})),""))&IF(Calc!M13>3,CHAR(10)&"+"&(Calc!M13-3)&" more",""))} -> 0
A18: =IF(Lists!$B$16="","",Lists!$B$16) -> 0 | B18: {=IF($A18="","",_xlfn.TEXTJOIN(CHAR(10),TRUE,IFERROR(INDEX('Activity Planner'!$B$5:$B$1004,SMALL(IF(('Activity Planner'!$C$5:$C$1004=$A18)*('Activity Planner'!$O$5:$O$1004=1),ROW('Activity Planner'!$B$5:$B$1004)-4),{1,2,3})),""))&IF(Calc!B14>3,CHAR(10)&"+"&(Calc!B14-3)&" more",""))} -> 0 | C18: {=IF($A18="","",_xlfn.TEXTJOIN(CHAR(10),TRUE,IFERROR(INDEX('Activity Planner'!$B$5:$B$1004,SMALL(IF(('Activity Planner'!$C$5:$C$1004=$A18)*('Activity Planner'!$P$5:$P$1004=1),ROW('Activity Planner'!$B$5:$B$1004)-4),{1,2,3})),""))&IF(Calc!C14>3,CHAR(10)&"+"&(Calc!C14-3)&" more",""))} -> 0 | D18: {=IF($A18="","",_xlfn.TEXTJOIN(CHAR(10),TRUE,IFERROR(INDEX('Activity Planner'!$B$5:$B$1004,SMALL(IF(('Activity Planner'!$C$5:$C$1004=$A18)*('Activity Planner'!$Q$5:$Q$1004=1),ROW('Activity Planner'!$B$5:$B$1004)-4),{1,2,3})),""))&IF(Calc!D14>3,CHAR(10)&"+"&(Calc!D14-3)&" more",""))} -> 0 | E18: {=IF($A18="","",_xlfn.TEXTJOIN(CHAR(10),TRUE,IFERROR(INDEX('Activity Planner'!$B$5:$B$1004,SMALL(IF(('Activity Planner'!$C$5:$C$1004=$A18)*('Activity Planner'!$R$5:$R$1004=1),ROW('Activity Planner'!$B$5:$B$1004)-4),{1,2,3})),""))&IF(Calc!E14>3,CHAR(10)&"+"&(Calc!E14-3)&" more",""))} -> 0 | F18: {=IF($A18="","",_xlfn.TEXTJOIN(CHAR(10),TRUE,IFERROR(INDEX('Activity Planner'!$B$5:$B$1004,SMALL(IF(('Activity Planner'!$C$5:$C$1004=$A18)*('Activity Planner'!$S$5:$S$1004=1),ROW('Activity Planner'!$B$5:$B$1004)-4),{1,2,3})),""))&IF(Calc!F14>3,CHAR(10)&"+"&(Calc!F14-3)&" more",""))} -> 0 | G18: {=IF($A18="","",_xlfn.TEXTJOIN(CHAR(10),TRUE,IFERROR(INDEX('Activity Planner'!$B$5:$B$1004,SMALL(IF(('Activity Planner'!$C$5:$C$1004=$A18)*('Activity Planner'!$T$5:$T$1004=1),ROW('Activity Planner'!$B$5:$B$1004)-4),{1,2,3})),""))&IF(Calc!G14>3,CHAR(10)&"+"&(Calc!G14-3)&" more",""))} -> 0 | H18: {=IF($A18="","",_xlfn.TEXTJOIN(CHAR(10),TRUE,IFERROR(INDEX('Activity Planner'!$B$5:$B$1004,SMALL(IF(('Activity Planner'!$C$5:$C$1004=$A18)*('Activity Planner'!$U$5:$U$1004=1),ROW('Activity Planner'!$B$5:$B$1004)-4),{1,2,3})),""))&IF(Calc!H14>3,CHAR(10)&"+"&(Calc!H14-3)&" more",""))} -> 0 | I18: {=IF($A18="","",_xlfn.TEXTJOIN(CHAR(10),TRUE,IFERROR(INDEX('Activity Planner'!$B$5:$B$1004,SMALL(IF(('Activity Planner'!$C$5:$C$1004=$A18)*('Activity Planner'!$V$5:$V$1004=1),ROW('Activity Planner'!$B$5:$B$1004)-4),{1,2,3})),""))&IF(Calc!I14>3,CHAR(10)&"+"&(Calc!I14-3)&" more",""))} -> 0 | J18: {=IF($A18="","",_xlfn.TEXTJOIN(CHAR(10),TRUE,IFERROR(INDEX('Activity Planner'!$B$5:$B$1004,SMALL(IF(('Activity Planner'!$C$5:$C$1004=$A18)*('Activity Planner'!$W$5:$W$1004=1),ROW('Activity Planner'!$B$5:$B$1004)-4),{1,2,3})),""))&IF(Calc!J14>3,CHAR(10)&"+"&(Calc!J14-3)&" more",""))} -> 0 | K18: {=IF($A18="","",_xlfn.TEXTJOIN(CHAR(10),TRUE,IFERROR(INDEX('Activity Planner'!$B$5:$B$1004,SMALL(IF(('Activity Planner'!$C$5:$C$1004=$A18)*('Activity Planner'!$X$5:$X$1004=1),ROW('Activity Planner'!$B$5:$B$1004)-4),{1,2,3})),""))&IF(Calc!K14>3,CHAR(10)&"+"&(Calc!K14-3)&" more",""))} -> 0 | L18: {=IF($A18="","",_xlfn.TEXTJOIN(CHAR(10),TRUE,IFERROR(INDEX('Activity Planner'!$B$5:$B$1004,SMALL(IF(('Activity Planner'!$C$5:$C$1004=$A18)*('Activity Planner'!$Y$5:$Y$1004=1),ROW('Activity Planner'!$B$5:$B$1004)-4),{1,2,3})),""))&IF(Calc!L14>3,CHAR(10)&"+"&(Calc!L14-3)&" more",""))} -> 0 | M18: {=IF($A18="","",_xlfn.TEXTJOIN(CHAR(10),TRUE,IFERROR(INDEX('Activity Planner'!$B$5:$B$1004,SMALL(IF(('Activity Planner'!$C$5:$C$1004=$A18)*('Activity Planner'!$Z$5:$Z$1004=1),ROW('Activity Planner'!$B$5:$B$1004)-4),{1,2,3})),""))&IF(Calc!M14>3,CHAR(10)&"+"&(Calc!M14-3)&" more",""))} -> 0
A20: LEGEND | B20: Create the reason to care | D20: Build momentum | F20: Create opportunity
A22: WHY THIS VIEW | B22: 01 CONNECT | F22: 02 COMPOUND | J22: 03 COORDINATE
B23: See where one market moment or activity can support multiple priorities. | F23: Build on existing momentum rather than creating isolated activity from scratch. | J23: Identify collisions, gaps and opportunities for better sequencing across the portfolio.
A26: ACTIVITIES BY MONTH (an activity counts in every month it touches; Year column counts each activity once)
B27: JAN | C27: FEB | D27: MAR | E27: APR | F27: MAY | G27: JUN | H27: JUL | I27: AUG | J27: SEP | K27: OCT | L27: NOV | M27: DEC | N27: YEAR
A28: Total activities | B28: =SUM(Calc!B3:B14) -> 0 | C28: =SUM(Calc!C3:C14) -> 0 | D28: =SUM(Calc!D3:D14) -> 0 | E28: =SUM(Calc!E3:E14) -> 0 | F28: =SUM(Calc!F3:F14) -> 0 | G28: =SUM(Calc!G3:G14) -> 0 | H28: =SUM(Calc!H3:H14) -> 0 | I28: =SUM(Calc!I3:I14) -> 0 | ... M28: =SUM(Calc!M3:M14) -> 0 | N28: =COUNTIFS('Activity Planner'!$AA$5:$AA$1004,">0") -> 0
A29: of which Events | B29: =SUM(Calc!B63:B74) -> 0 | C29: =SUM(Calc!C63:C74) -> 0 | D29: =SUM(Calc!D63:D74) -> 0 | E29: =SUM(Calc!E63:E74) -> 0 | F29: =SUM(Calc!F63:F74) -> 0 | G29: =SUM(Calc!G63:G74) -> 0 | H29: =SUM(Calc!H63:H74) -> 0 | I29: =SUM(Calc!I63:I74) -> 0 | ... M29: =SUM(Calc!M63:M74) -> 0 | N29: =COUNTIFS('Activity Planner'!$AA$5:$AA$1004,">0",'Activity Planner'!$E$5:$E$1004,"Event") -> 0
A30: Other activities | B30: =B28-B29 -> 0 | C30: =C28-C29 -> 0 | D30: =D28-D29 -> 0 | E30: =E28-E29 -> 0 | F30: =F28-F29 -> 0 | G30: =G28-G29 -> 0 | H30: =H28-H29 -> 0 | I30: =I28-I29 -> 0 | ... N30: =N28-N29 -> 0
A31: Create the reason to care | B31: =SUM(Calc!B18:B29) -> 0 | C31: =SUM(Calc!C18:C29) -> 0 | D31: =SUM(Calc!D18:D29) -> 0 | E31: =SUM(Calc!E18:E29) -> 0 | F31: =SUM(Calc!F18:F29) -> 0 | G31: =SUM(Calc!G18:G29) -> 0 | H31: =SUM(Calc!H18:H29) -> 0 | I31: =SUM(Calc!I18:I29) -> 0 | ... M31: =SUM(Calc!M18:M29) -> 0 | N31: =COUNTIFS('Activity Planner'!$AA$5:$AA$1004,">0",'Activity Planner'!$D$5:$D$1004,Lists!$E$5) -> 0
A32: Build momentum | B32: =SUM(Calc!B33:B44) -> 0 | C32: =SUM(Calc!C33:C44) -> 0 | D32: =SUM(Calc!D33:D44) -> 0 | E32: =SUM(Calc!E33:E44) -> 0 | F32: =SUM(Calc!F33:F44) -> 0 | G32: =SUM(Calc!G33:G44) -> 0 | H32: =SUM(Calc!H33:H44) -> 0 | I32: =SUM(Calc!I33:I44) -> 0 | ... M32: =SUM(Calc!M33:M44) -> 0 | N32: =COUNTIFS('Activity Planner'!$AA$5:$AA$1004,">0",'Activity Planner'!$D$5:$D$1004,Lists!$E$6) -> 0
A33: Create opportunity | B33: =SUM(Calc!B48:B59) -> 0 | C33: =SUM(Calc!C48:C59) -> 0 | D33: =SUM(Calc!D48:D59) -> 0 | E33: =SUM(Calc!E48:E59) -> 0 | F33: =SUM(Calc!F48:F59) -> 0 | G33: =SUM(Calc!G48:G59) -> 0 | H33: =SUM(Calc!H48:H59) -> 0 | I33: =SUM(Calc!I48:I59) -> 0 | ... M33: =SUM(Calc!M48:M59) -> 0 | N33: =COUNTIFS('Activity Planner'!$AA$5:$AA$1004,">0",'Activity Planner'!$D$5:$D$1004,Lists!$E$7) -> 0
A36: BY PRACTICE AND MOTION (whole year, each activity counted once)
A37: PRACTICE | B37: CREATE THE REASON TO CARE | C37: BUILD MOMENTUM | D37: CREATE OPPORTUNITY | E37: TOTAL | F37: EVENTS
A38: =$A7 -> 0 | B38: =IF($A38="","",COUNTIFS('Activity Planner'!$C$5:$C$1004,$A38,'Activity Planner'!$D$5:$D$1004,Lists!$E$5,'Activity Planner'!$AA$5:$AA$1004,">0")) -> 0 | C38: =IF($A38="","",COUNTIFS('Activity Planner'!$C$5:$C$1004,$A38,'Activity Planner'!$D$5:$D$1004,Lists!$E$6,'Activity Planner'!$AA$5:$AA$1004,">0")) -> 0 | D38: =IF($A38="","",COUNTIFS('Activity Planner'!$C$5:$C$1004,$A38,'Activity Planner'!$D$5:$D$1004,Lists!$E$7,'Activity Planner'!$AA$5:$AA$1004,">0")) -> 0 | E38: =IF($A38="","",COUNTIFS('Activity Planner'!$C$5:$C$1004,$A38,'Activity Planner'!$AA$5:$AA$1004,">0")) -> 0 | F38: =IF($A38="","",COUNTIFS('Activity Planner'!$C$5:$C$1004,$A38,'Activity Planner'!$E$5:$E$1004,"Event",'Activity Planner'!$AA$5:$AA$1004,">0")) -> 0
A39: =$A8 -> 0 | B39: =IF($A39="","",COUNTIFS('Activity Planner'!$C$5:$C$1004,$A39,'Activity Planner'!$D$5:$D$1004,Lists!$E$5,'Activity Planner'!$AA$5:$AA$1004,">0")) -> 0 | C39: =IF($A39="","",COUNTIFS('Activity Planner'!$C$5:$C$1004,$A39,'Activity Planner'!$D$5:$D$1004,Lists!$E$6,'Activity Planner'!$AA$5:$AA$1004,">0")) -> 0 | D39: =IF($A39="","",COUNTIFS('Activity Planner'!$C$5:$C$1004,$A39,'Activity Planner'!$D$5:$D$1004,Lists!$E$7,'Activity Planner'!$AA$5:$AA$1004,">0")) -> 0 | E39: =IF($A39="","",COUNTIFS('Activity Planner'!$C$5:$C$1004,$A39,'Activity Planner'!$AA$5:$AA$1004,">0")) -> 0 | F39: =IF($A39="","",COUNTIFS('Activity Planner'!$C$5:$C$1004,$A39,'Activity Planner'!$E$5:$E$1004,"Event",'Activity Planner'!$AA$5:$AA$1004,">0")) -> 0
A40: =$A9 -> 0 | B40: =IF($A40="","",COUNTIFS('Activity Planner'!$C$5:$C$1004,$A40,'Activity Planner'!$D$5:$D$1004,Lists!$E$5,'Activity Planner'!$AA$5:$AA$1004,">0")) -> 0 | C40: =IF($A40="","",COUNTIFS('Activity Planner'!$C$5:$C$1004,$A40,'Activity Planner'!$D$5:$D$1004,Lists!$E$6,'Activity Planner'!$AA$5:$AA$1004,">0")) -> 0 | D40: =IF($A40="","",COUNTIFS('Activity Planner'!$C$5:$C$1004,$A40,'Activity Planner'!$D$5:$D$1004,Lists!$E$7,'Activity Planner'!$AA$5:$AA$1004,">0")) -> 0 | E40: =IF($A40="","",COUNTIFS('Activity Planner'!$C$5:$C$1004,$A40,'Activity Planner'!$AA$5:$AA$1004,">0")) -> 0 | F40: =IF($A40="","",COUNTIFS('Activity Planner'!$C$5:$C$1004,$A40,'Activity Planner'!$E$5:$E$1004,"Event",'Activity Planner'!$AA$5:$AA$1004,">0")) -> 0
A41: =$A10 -> 0 | B41: =IF($A41="","",COUNTIFS('Activity Planner'!$C$5:$C$1004,$A41,'Activity Planner'!$D$5:$D$1004,Lists!$E$5,'Activity Planner'!$AA$5:$AA$1004,">0")) -> 0 | C41: =IF($A41="","",COUNTIFS('Activity Planner'!$C$5:$C$1004,$A41,'Activity Planner'!$D$5:$D$1004,Lists!$E$6,'Activity Planner'!$AA$5:$AA$1004,">0")) -> 0 | D41: =IF($A41="","",COUNTIFS('Activity Planner'!$C$5:$C$1004,$A41,'Activity Planner'!$D$5:$D$1004,Lists!$E$7,'Activity Planner'!$AA$5:$AA$1004,">0")) -> 0 | E41: =IF($A41="","",COUNTIFS('Activity Planner'!$C$5:$C$1004,$A41,'Activity Planner'!$AA$5:$AA$1004,">0")) -> 0 | F41: =IF($A41="","",COUNTIFS('Activity Planner'!$C$5:$C$1004,$A41,'Activity Planner'!$E$5:$E$1004,"Event",'Activity Planner'!$AA$5:$AA$1004,">0")) -> 0
A42: =$A11 -> 0 | B42: =IF($A42="","",COUNTIFS('Activity Planner'!$C$5:$C$1004,$A42,'Activity Planner'!$D$5:$D$1004,Lists!$E$5,'Activity Planner'!$AA$5:$AA$1004,">0")) -> 0 | C42: =IF($A42="","",COUNTIFS('Activity Planner'!$C$5:$C$1004,$A42,'Activity Planner'!$D$5:$D$1004,Lists!$E$6,'Activity Planner'!$AA$5:$AA$1004,">0")) -> 0 | D42: =IF($A42="","",COUNTIFS('Activity Planner'!$C$5:$C$1004,$A42,'Activity Planner'!$D$5:$D$1004,Lists!$E$7,'Activity Planner'!$AA$5:$AA$1004,">0")) -> 0 | E42: =IF($A42="","",COUNTIFS('Activity Planner'!$C$5:$C$1004,$A42,'Activity Planner'!$AA$5:$AA$1004,">0")) -> 0 | F42: =IF($A42="","",COUNTIFS('Activity Planner'!$C$5:$C$1004,$A42,'Activity Planner'!$E$5:$E$1004,"Event",'Activity Planner'!$AA$5:$AA$1004,">0")) -> 0
A43: =$A12 -> 0 | B43: =IF($A43="","",COUNTIFS('Activity Planner'!$C$5:$C$1004,$A43,'Activity Planner'!$D$5:$D$1004,Lists!$E$5,'Activity Planner'!$AA$5:$AA$1004,">0")) -> 0 | C43: =IF($A43="","",COUNTIFS('Activity Planner'!$C$5:$C$1004,$A43,'Activity Planner'!$D$5:$D$1004,Lists!$E$6,'Activity Planner'!$AA$5:$AA$1004,">0")) -> 0 | D43: =IF($A43="","",COUNTIFS('Activity Planner'!$C$5:$C$1004,$A43,'Activity Planner'!$D$5:$D$1004,Lists!$E$7,'Activity Planner'!$AA$5:$AA$1004,">0")) -> 0 | E43: =IF($A43="","",COUNTIFS('Activity Planner'!$C$5:$C$1004,$A43,'Activity Planner'!$AA$5:$AA$1004,">0")) -> 0 | F43: =IF($A43="","",COUNTIFS('Activity Planner'!$C$5:$C$1004,$A43,'Activity Planner'!$E$5:$E$1004,"Event",'Activity Planner'!$AA$5:$AA$1004,">0")) -> 0
A44: =$A13 -> 0 | B44: =IF($A44="","",COUNTIFS('Activity Planner'!$C$5:$C$1004,$A44,'Activity Planner'!$D$5:$D$1004,Lists!$E$5,'Activity Planner'!$AA$5:$AA$1004,">0")) -> 0 | C44: =IF($A44="","",COUNTIFS('Activity Planner'!$C$5:$C$1004,$A44,'Activity Planner'!$D$5:$D$1004,Lists!$E$6,'Activity Planner'!$AA$5:$AA$1004,">0")) -> 0 | D44: =IF($A44="","",COUNTIFS('Activity Planner'!$C$5:$C$1004,$A44,'Activity Planner'!$D$5:$D$1004,Lists!$E$7,'Activity Planner'!$AA$5:$AA$1004,">0")) -> 0 | E44: =IF($A44="","",COUNTIFS('Activity Planner'!$C$5:$C$1004,$A44,'Activity Planner'!$AA$5:$AA$1004,">0")) -> 0 | F44: =IF($A44="","",COUNTIFS('Activity Planner'!$C$5:$C$1004,$A44,'Activity Planner'!$E$5:$E$1004,"Event",'Activity Planner'!$AA$5:$AA$1004,">0")) -> 0
A45: =$A14 -> 0 | B45: =IF($A45="","",COUNTIFS('Activity Planner'!$C$5:$C$1004,$A45,'Activity Planner'!$D$5:$D$1004,Lists!$E$5,'Activity Planner'!$AA$5:$AA$1004,">0")) -> 0 | C45: =IF($A45="","",COUNTIFS('Activity Planner'!$C$5:$C$1004,$A45,'Activity Planner'!$D$5:$D$1004,Lists!$E$6,'Activity Planner'!$AA$5:$AA$1004,">0")) -> 0 | D45: =IF($A45="","",COUNTIFS('Activity Planner'!$C$5:$C$1004,$A45,'Activity Planner'!$D$5:$D$1004,Lists!$E$7,'Activity Planner'!$AA$5:$AA$1004,">0")) -> 0 | E45: =IF($A45="","",COUNTIFS('Activity Planner'!$C$5:$C$1004,$A45,'Activity Planner'!$AA$5:$AA$1004,">0")) -> 0 | F45: =IF($A45="","",COUNTIFS('Activity Planner'!$C$5:$C$1004,$A45,'Activity Planner'!$E$5:$E$1004,"Event",'Activity Planner'!$AA$5:$AA$1004,">0")) -> 0
A46: =$A15 -> 0 | B46: =IF($A46="","",COUNTIFS('Activity Planner'!$C$5:$C$1004,$A46,'Activity Planner'!$D$5:$D$1004,Lists!$E$5,'Activity Planner'!$AA$5:$AA$1004,">0")) -> 0 | C46: =IF($A46="","",COUNTIFS('Activity Planner'!$C$5:$C$1004,$A46,'Activity Planner'!$D$5:$D$1004,Lists!$E$6,'Activity Planner'!$AA$5:$AA$1004,">0")) -> 0 | D46: =IF($A46="","",COUNTIFS('Activity Planner'!$C$5:$C$1004,$A46,'Activity Planner'!$D$5:$D$1004,Lists!$E$7,'Activity Planner'!$AA$5:$AA$1004,">0")) -> 0 | E46: =IF($A46="","",COUNTIFS('Activity Planner'!$C$5:$C$1004,$A46,'Activity Planner'!$AA$5:$AA$1004,">0")) -> 0 | F46: =IF($A46="","",COUNTIFS('Activity Planner'!$C$5:$C$1004,$A46,'Activity Planner'!$E$5:$E$1004,"Event",'Activity Planner'!$AA$5:$AA$1004,">0")) -> 0
A47: =$A16 -> 0 | B47: =IF($A47="","",COUNTIFS('Activity Planner'!$C$5:$C$1004,$A47,'Activity Planner'!$D$5:$D$1004,Lists!$E$5,'Activity Planner'!$AA$5:$AA$1004,">0")) -> 0 | C47: =IF($A47="","",COUNTIFS('Activity Planner'!$C$5:$C$1004,$A47,'Activity Planner'!$D$5:$D$1004,Lists!$E$6,'Activity Planner'!$AA$5:$AA$1004,">0")) -> 0 | D47: =IF($A47="","",COUNTIFS('Activity Planner'!$C$5:$C$1004,$A47,'Activity Planner'!$D$5:$D$1004,Lists!$E$7,'Activity Planner'!$AA$5:$AA$1004,">0")) -> 0 | E47: =IF($A47="","",COUNTIFS('Activity Planner'!$C$5:$C$1004,$A47,'Activity Planner'!$AA$5:$AA$1004,">0")) -> 0 | F47: =IF($A47="","",COUNTIFS('Activity Planner'!$C$5:$C$1004,$A47,'Activity Planner'!$E$5:$E$1004,"Event",'Activity Planner'!$AA$5:$AA$1004,">0")) -> 0
A48: =$A17 -> 0 | B48: =IF($A48="","",COUNTIFS('Activity Planner'!$C$5:$C$1004,$A48,'Activity Planner'!$D$5:$D$1004,Lists!$E$5,'Activity Planner'!$AA$5:$AA$1004,">0")) -> 0 | C48: =IF($A48="","",COUNTIFS('Activity Planner'!$C$5:$C$1004,$A48,'Activity Planner'!$D$5:$D$1004,Lists!$E$6,'Activity Planner'!$AA$5:$AA$1004,">0")) -> 0 | D48: =IF($A48="","",COUNTIFS('Activity Planner'!$C$5:$C$1004,$A48,'Activity Planner'!$D$5:$D$1004,Lists!$E$7,'Activity Planner'!$AA$5:$AA$1004,">0")) -> 0 | E48: =IF($A48="","",COUNTIFS('Activity Planner'!$C$5:$C$1004,$A48,'Activity Planner'!$AA$5:$AA$1004,">0")) -> 0 | F48: =IF($A48="","",COUNTIFS('Activity Planner'!$C$5:$C$1004,$A48,'Activity Planner'!$E$5:$E$1004,"Event",'Activity Planner'!$AA$5:$AA$1004,">0")) -> 0
A49: =$A18 -> 0 | B49: =IF($A49="","",COUNTIFS('Activity Planner'!$C$5:$C$1004,$A49,'Activity Planner'!$D$5:$D$1004,Lists!$E$5,'Activity Planner'!$AA$5:$AA$1004,">0")) -> 0 | C49: =IF($A49="","",COUNTIFS('Activity Planner'!$C$5:$C$1004,$A49,'Activity Planner'!$D$5:$D$1004,Lists!$E$6,'Activity Planner'!$AA$5:$AA$1004,">0")) -> 0 | D49: =IF($A49="","",COUNTIFS('Activity Planner'!$C$5:$C$1004,$A49,'Activity Planner'!$D$5:$D$1004,Lists!$E$7,'Activity Planner'!$AA$5:$AA$1004,">0")) -> 0 | E49: =IF($A49="","",COUNTIFS('Activity Planner'!$C$5:$C$1004,$A49,'Activity Planner'!$AA$5:$AA$1004,">0")) -> 0 | F49: =IF($A49="","",COUNTIFS('Activity Planner'!$C$5:$C$1004,$A49,'Activity Planner'!$E$5:$E$1004,"Event",'Activity Planner'!$AA$5:$AA$1004,">0")) -> 0
A52: CROWDING AND GAPS (activities per practice per month)
B53: JAN | C53: FEB | D53: MAR | E53: APR | F53: MAY | G53: JUN | H53: JUL | I53: AUG | J53: SEP | K53: OCT | L53: NOV | M53: DEC
A54: =$A7 -> 0 | B54: =IF($A54="","",Calc!B3) -> 0 | C54: =IF($A54="","",Calc!C3) -> 0 | D54: =IF($A54="","",Calc!D3) -> 0 | E54: =IF($A54="","",Calc!E3) -> 0 | F54: =IF($A54="","",Calc!F3) -> 0 | G54: =IF($A54="","",Calc!G3) -> 0 | H54: =IF($A54="","",Calc!H3) -> 0 | I54: =IF($A54="","",Calc!I3) -> 0 | ... M54: =IF($A54="","",Calc!M3) -> 0
A55: =$A8 -> 0 | B55: =IF($A55="","",Calc!B4) -> 0 | C55: =IF($A55="","",Calc!C4) -> 0 | D55: =IF($A55="","",Calc!D4) -> 0 | E55: =IF($A55="","",Calc!E4) -> 0 | F55: =IF($A55="","",Calc!F4) -> 0 | G55: =IF($A55="","",Calc!G4) -> 0 | H55: =IF($A55="","",Calc!H4) -> 0 | I55: =IF($A55="","",Calc!I4) -> 0 | ... M55: =IF($A55="","",Calc!M4) -> 0
A56: =$A9 -> 0 | B56: =IF($A56="","",Calc!B5) -> 0 | C56: =IF($A56="","",Calc!C5) -> 0 | D56: =IF($A56="","",Calc!D5) -> 0 | E56: =IF($A56="","",Calc!E5) -> 0 | F56: =IF($A56="","",Calc!F5) -> 0 | G56: =IF($A56="","",Calc!G5) -> 0 | H56: =IF($A56="","",Calc!H5) -> 0 | I56: =IF($A56="","",Calc!I5) -> 0 | ... M56: =IF($A56="","",Calc!M5) -> 0
A57: =$A10 -> 0 | B57: =IF($A57="","",Calc!B6) -> 0 | C57: =IF($A57="","",Calc!C6) -> 0 | D57: =IF($A57="","",Calc!D6) -> 0 | E57: =IF($A57="","",Calc!E6) -> 0 | F57: =IF($A57="","",Calc!F6) -> 0 | G57: =IF($A57="","",Calc!G6) -> 0 | H57: =IF($A57="","",Calc!H6) -> 0 | I57: =IF($A57="","",Calc!I6) -> 0 | ... M57: =IF($A57="","",Calc!M6) -> 0
A58: =$A11 -> 0 | B58: =IF($A58="","",Calc!B7) -> 0 | C58: =IF($A58="","",Calc!C7) -> 0 | D58: =IF($A58="","",Calc!D7) -> 0 | E58: =IF($A58="","",Calc!E7) -> 0 | F58: =IF($A58="","",Calc!F7) -> 0 | G58: =IF($A58="","",Calc!G7) -> 0 | H58: =IF($A58="","",Calc!H7) -> 0 | I58: =IF($A58="","",Calc!I7) -> 0 | ... M58: =IF($A58="","",Calc!M7) -> 0
A59: =$A12 -> 0 | B59: =IF($A59="","",Calc!B8) -> 0 | C59: =IF($A59="","",Calc!C8) -> 0 | D59: =IF($A59="","",Calc!D8) -> 0 | E59: =IF($A59="","",Calc!E8) -> 0 | F59: =IF($A59="","",Calc!F8) -> 0 | G59: =IF($A59="","",Calc!G8) -> 0 | H59: =IF($A59="","",Calc!H8) -> 0 | I59: =IF($A59="","",Calc!I8) -> 0 | ... M59: =IF($A59="","",Calc!M8) -> 0
A60: =$A13 -> 0 | B60: =IF($A60="","",Calc!B9) -> 0 | C60: =IF($A60="","",Calc!C9) -> 0 | D60: =IF($A60="","",Calc!D9) -> 0 | E60: =IF($A60="","",Calc!E9) -> 0 | F60: =IF($A60="","",Calc!F9) -> 0 | G60: =IF($A60="","",Calc!G9) -> 0 | H60: =IF($A60="","",Calc!H9) -> 0 | I60: =IF($A60="","",Calc!I9) -> 0 | ... M60: =IF($A60="","",Calc!M9) -> 0
A61: =$A14 -> 0 | B61: =IF($A61="","",Calc!B10) -> 0 | C61: =IF($A61="","",Calc!C10) -> 0 | D61: =IF($A61="","",Calc!D10) -> 0 | E61: =IF($A61="","",Calc!E10) -> 0 | F61: =IF($A61="","",Calc!F10) -> 0 | G61: =IF($A61="","",Calc!G10) -> 0 | H61: =IF($A61="","",Calc!H10) -> 0 | I61: =IF($A61="","",Calc!I10) -> 0 | ... M61: =IF($A61="","",Calc!M10) -> 0
A62: =$A15 -> 0 | B62: =IF($A62="","",Calc!B11) -> 0 | C62: =IF($A62="","",Calc!C11) -> 0 | D62: =IF($A62="","",Calc!D11) -> 0 | E62: =IF($A62="","",Calc!E11) -> 0 | F62: =IF($A62="","",Calc!F11) -> 0 | G62: =IF($A62="","",Calc!G11) -> 0 | H62: =IF($A62="","",Calc!H11) -> 0 | I62: =IF($A62="","",Calc!I11) -> 0 | ... M62: =IF($A62="","",Calc!M11) -> 0
A63: =$A16 -> 0 | B63: =IF($A63="","",Calc!B12) -> 0 | C63: =IF($A63="","",Calc!C12) -> 0 | D63: =IF($A63="","",Calc!D12) -> 0 | E63: =IF($A63="","",Calc!E12) -> 0 | F63: =IF($A63="","",Calc!F12) -> 0 | G63: =IF($A63="","",Calc!G12) -> 0 | H63: =IF($A63="","",Calc!H12) -> 0 | I63: =IF($A63="","",Calc!I12) -> 0 | ... M63: =IF($A63="","",Calc!M12) -> 0
A64: =$A17 -> 0 | B64: =IF($A64="","",Calc!B13) -> 0 | C64: =IF($A64="","",Calc!C13) -> 0 | D64: =IF($A64="","",Calc!D13) -> 0 | E64: =IF($A64="","",Calc!E13) -> 0 | F64: =IF($A64="","",Calc!F13) -> 0 | G64: =IF($A64="","",Calc!G13) -> 0 | H64: =IF($A64="","",Calc!H13) -> 0 | I64: =IF($A64="","",Calc!I13) -> 0 | ... M64: =IF($A64="","",Calc!M13) -> 0
A65: =$A18 -> 0 | B65: =IF($A65="","",Calc!B14) -> 0 | C65: =IF($A65="","",Calc!C14) -> 0 | D65: =IF($A65="","",Calc!D14) -> 0 | E65: =IF($A65="","",Calc!E14) -> 0 | F65: =IF($A65="","",Calc!F14) -> 0 | G65: =IF($A65="","",Calc!G14) -> 0 | H65: =IF($A65="","",Calc!H14) -> 0 | I65: =IF($A65="","",Calc!I14) -> 0 | ... M65: =IF($A65="","",Calc!M14) -> 0
A66: ="Orange = crowded ("&CollisionThreshold&"+ in one month) Grey = gap Blue = active" -> 0

Sheet Monthly View
A1: MONTHLY VIEW | K1: =MATCH($B$5,MonthList,0) -> 0
A2: One month, in detail.
A3: Pick a month to see what is happening, for which practice, and in which motion.
A5: Select month: | B5: March | C5: ="Planning year "&PlanYear&" | Showing: "&StatusFilter -> 0
A7: TOTAL ACTIVITIES | B7: EVENTS | C7: CREATE THE REASON TO CARE | D7: BUILD MOMENTUM | E7: CREATE OPPORTUNITY
A8: =SUMPRODUCT(INDEX('Activity Planner'!$O$5:$Z$1004,0,SelMonthNum)) -> 0 | B8: =SUMPRODUCT(INDEX('Activity Planner'!$O$5:$Z$1004,0,SelMonthNum)*('Activity Planner'!$E$5:$E$1004="Event")) -> 0 | C8: =SUMPRODUCT(INDEX('Activity Planner'!$O$5:$Z$1004,0,SelMonthNum)*('Activity Planner'!$D$5:$D$1004=Lists!$E$5)) -> 0 | D8: =SUMPRODUCT(INDEX('Activity Planner'!$O$5:$Z$1004,0,SelMonthNum)*('Activity Planner'!$D$5:$D$1004=Lists!$E$6)) -> 0 | E8: =SUMPRODUCT(INDEX('Activity Planner'!$O$5:$Z$1004,0,SelMonthNum)*('Activity Planner'!$D$5:$D$1004=Lists!$E$7)) -> 0
A11: PRACTICE BY MOTION
A12: PRACTICE | B12: Create the reason to care | C12: Build momentum | D12: Create opportunity | E12: TOTAL
A13: =IF(Lists!$B$5="","",Lists!$B$5) -> 0 | B13: =IF($A13="","",SUMPRODUCT(INDEX('Activity Planner'!$O$5:$Z$1004,0,SelMonthNum)*('Activity Planner'!$C$5:$C$1004=$A13)*('Activity Planner'!$D$5:$D$1004=Lists!$E$5))) -> 0 | C13: =IF($A13="","",SUMPRODUCT(INDEX('Activity Planner'!$O$5:$Z$1004,0,SelMonthNum)*('Activity Planner'!$C$5:$C$1004=$A13)*('Activity Planner'!$D$5:$D$1004=Lists!$E$6))) -> 0 | D13: =IF($A13="","",SUMPRODUCT(INDEX('Activity Planner'!$O$5:$Z$1004,0,SelMonthNum)*('Activity Planner'!$C$5:$C$1004=$A13)*('Activity Planner'!$D$5:$D$1004=Lists!$E$7))) -> 0 | E13: =IF($A13="","",SUM(B13:D13)) -> 0
A14: =IF(Lists!$B$6="","",Lists!$B$6) -> 0 | B14: =IF($A14="","",SUMPRODUCT(INDEX('Activity Planner'!$O$5:$Z$1004,0,SelMonthNum)*('Activity Planner'!$C$5:$C$1004=$A14)*('Activity Planner'!$D$5:$D$1004=Lists!$E$5))) -> 0 | C14: =IF($A14="","",SUMPRODUCT(INDEX('Activity Planner'!$O$5:$Z$1004,0,SelMonthNum)*('Activity Planner'!$C$5:$C$1004=$A14)*('Activity Planner'!$D$5:$D$1004=Lists!$E$6))) -> 0 | D14: =IF($A14="","",SUMPRODUCT(INDEX('Activity Planner'!$O$5:$Z$1004,0,SelMonthNum)*('Activity Planner'!$C$5:$C$1004=$A14)*('Activity Planner'!$D$5:$D$1004=Lists!$E$7))) -> 0 | E14: =IF($A14="","",SUM(B14:D14)) -> 0
A15: =IF(Lists!$B$7="","",Lists!$B$7) -> 0 | B15: =IF($A15="","",SUMPRODUCT(INDEX('Activity Planner'!$O$5:$Z$1004,0,SelMonthNum)*('Activity Planner'!$C$5:$C$1004=$A15)*('Activity Planner'!$D$5:$D$1004=Lists!$E$5))) -> 0 | C15: =IF($A15="","",SUMPRODUCT(INDEX('Activity Planner'!$O$5:$Z$1004,0,SelMonthNum)*('Activity Planner'!$C$5:$C$1004=$A15)*('Activity Planner'!$D$5:$D$1004=Lists!$E$6))) -> 0 | D15: =IF($A15="","",SUMPRODUCT(INDEX('Activity Planner'!$O$5:$Z$1004,0,SelMonthNum)*('Activity Planner'!$C$5:$C$1004=$A15)*('Activity Planner'!$D$5:$D$1004=Lists!$E$7))) -> 0 | E15: =IF($A15="","",SUM(B15:D15)) -> 0
A16: =IF(Lists!$B$8="","",Lists!$B$8) -> 0 | B16: =IF($A16="","",SUMPRODUCT(INDEX('Activity Planner'!$O$5:$Z$1004,0,SelMonthNum)*('Activity Planner'!$C$5:$C$1004=$A16)*('Activity Planner'!$D$5:$D$1004=Lists!$E$5))) -> 0 | C16: =IF($A16="","",SUMPRODUCT(INDEX('Activity Planner'!$O$5:$Z$1004,0,SelMonthNum)*('Activity Planner'!$C$5:$C$1004=$A16)*('Activity Planner'!$D$5:$D$1004=Lists!$E$6))) -> 0 | D16: =IF($A16="","",SUMPRODUCT(INDEX('Activity Planner'!$O$5:$Z$1004,0,SelMonthNum)*('Activity Planner'!$C$5:$C$1004=$A16)*('Activity Planner'!$D$5:$D$1004=Lists!$E$7))) -> 0 | E16: =IF($A16="","",SUM(B16:D16)) -> 0
A17: =IF(Lists!$B$9="","",Lists!$B$9) -> 0 | B17: =IF($A17="","",SUMPRODUCT(INDEX('Activity Planner'!$O$5:$Z$1004,0,SelMonthNum)*('Activity Planner'!$C$5:$C$1004=$A17)*('Activity Planner'!$D$5:$D$1004=Lists!$E$5))) -> 0 | C17: =IF($A17="","",SUMPRODUCT(INDEX('Activity Planner'!$O$5:$Z$1004,0,SelMonthNum)*('Activity Planner'!$C$5:$C$1004=$A17)*('Activity Planner'!$D$5:$D$1004=Lists!$E$6))) -> 0 | D17: =IF($A17="","",SUMPRODUCT(INDEX('Activity Planner'!$O$5:$Z$1004,0,SelMonthNum)*('Activity Planner'!$C$5:$C$1004=$A17)*('Activity Planner'!$D$5:$D$1004=Lists!$E$7))) -> 0 | E17: =IF($A17="","",SUM(B17:D17)) -> 0
A18: =IF(Lists!$B$10="","",Lists!$B$10) -> 0 | B18: =IF($A18="","",SUMPRODUCT(INDEX('Activity Planner'!$O$5:$Z$1004,0,SelMonthNum)*('Activity Planner'!$C$5:$C$1004=$A18)*('Activity Planner'!$D$5:$D$1004=Lists!$E$5))) -> 0 | C18: =IF($A18="","",SUMPRODUCT(INDEX('Activity Planner'!$O$5:$Z$1004,0,SelMonthNum)*('Activity Planner'!$C$5:$C$1004=$A18)*('Activity Planner'!$D$5:$D$1004=Lists!$E$6))) -> 0 | D18: =IF($A18="","",SUMPRODUCT(INDEX('Activity Planner'!$O$5:$Z$1004,0,SelMonthNum)*('Activity Planner'!$C$5:$C$1004=$A18)*('Activity Planner'!$D$5:$D$1004=Lists!$E$7))) -> 0 | E18: =IF($A18="","",SUM(B18:D18)) -> 0
A19: =IF(Lists!$B$11="","",Lists!$B$11) -> 0 | B19: =IF($A19="","",SUMPRODUCT(INDEX('Activity Planner'!$O$5:$Z$1004,0,SelMonthNum)*('Activity Planner'!$C$5:$C$1004=$A19)*('Activity Planner'!$D$5:$D$1004=Lists!$E$5))) -> 0 | C19: =IF($A19="","",SUMPRODUCT(INDEX('Activity Planner'!$O$5:$Z$1004,0,SelMonthNum)*('Activity Planner'!$C$5:$C$1004=$A19)*('Activity Planner'!$D$5:$D$1004=Lists!$E$6))) -> 0 | D19: =IF($A19="","",SUMPRODUCT(INDEX('Activity Planner'!$O$5:$Z$1004,0,SelMonthNum)*('Activity Planner'!$C$5:$C$1004=$A19)*('Activity Planner'!$D$5:$D$1004=Lists!$E$7))) -> 0 | E19: =IF($A19="","",SUM(B19:D19)) -> 0
A20: =IF(Lists!$B$12="","",Lists!$B$12) -> 0 | B20: =IF($A20="","",SUMPRODUCT(INDEX('Activity Planner'!$O$5:$Z$1004,0,SelMonthNum)*('Activity Planner'!$C$5:$C$1004=$A20)*('Activity Planner'!$D$5:$D$1004=Lists!$E$5))) -> 0 | C20: =IF($A20="","",SUMPRODUCT(INDEX('Activity Planner'!$O$5:$Z$1004,0,SelMonthNum)*('Activity Planner'!$C$5:$C$1004=$A20)*('Activity Planner'!$D$5:$D$1004=Lists!$E$6))) -> 0 | D20: =IF($A20="","",SUMPRODUCT(INDEX('Activity Planner'!$O$5:$Z$1004,0,SelMonthNum)*('Activity Planner'!$C$5:$C$1004=$A20)*('Activity Planner'!$D$5:$D$1004=Lists!$E$7))) -> 0 | E20: =IF($A20="","",SUM(B20:D20)) -> 0
A21: =IF(Lists!$B$13="","",Lists!$B$13) -> 0 | B21: =IF($A21="","",SUMPRODUCT(INDEX('Activity Planner'!$O$5:$Z$1004,0,SelMonthNum)*('Activity Planner'!$C$5:$C$1004=$A21)*('Activity Planner'!$D$5:$D$1004=Lists!$E$5))) -> 0 | C21: =IF($A21="","",SUMPRODUCT(INDEX('Activity Planner'!$O$5:$Z$1004,0,SelMonthNum)*('Activity Planner'!$C$5:$C$1004=$A21)*('Activity Planner'!$D$5:$D$1004=Lists!$E$6))) -> 0 | D21: =IF($A21="","",SUMPRODUCT(INDEX('Activity Planner'!$O$5:$Z$1004,0,SelMonthNum)*('Activity Planner'!$C$5:$C$1004=$A21)*('Activity Planner'!$D$5:$D$1004=Lists!$E$7))) -> 0 | E21: =IF($A21="","",SUM(B21:D21)) -> 0
A22: =IF(Lists!$B$14="","",Lists!$B$14) -> 0 | B22: =IF($A22="","",SUMPRODUCT(INDEX('Activity Planner'!$O$5:$Z$1004,0,SelMonthNum)*('Activity Planner'!$C$5:$C$1004=$A22)*('Activity Planner'!$D$5:$D$1004=Lists!$E$5))) -> 0 | C22: =IF($A22="","",SUMPRODUCT(INDEX('Activity Planner'!$O$5:$Z$1004,0,SelMonthNum)*('Activity Planner'!$C$5:$C$1004=$A22)*('Activity Planner'!$D$5:$D$1004=Lists!$E$6))) -> 0 | D22: =IF($A22="","",SUMPRODUCT(INDEX('Activity Planner'!$O$5:$Z$1004,0,SelMonthNum)*('Activity Planner'!$C$5:$C$1004=$A22)*('Activity Planner'!$D$5:$D$1004=Lists!$E$7))) -> 0 | E22: =IF($A22="","",SUM(B22:D22)) -> 0
A23: =IF(Lists!$B$15="","",Lists!$B$15) -> 0 | B23: =IF($A23="","",SUMPRODUCT(INDEX('Activity Planner'!$O$5:$Z$1004,0,SelMonthNum)*('Activity Planner'!$C$5:$C$1004=$A23)*('Activity Planner'!$D$5:$D$1004=Lists!$E$5))) -> 0 | C23: =IF($A23="","",SUMPRODUCT(INDEX('Activity Planner'!$O$5:$Z$1004,0,SelMonthNum)*('Activity Planner'!$C$5:$C$1004=$A23)*('Activity Planner'!$D$5:$D$1004=Lists!$E$6))) -> 0 | D23: =IF($A23="","",SUMPRODUCT(INDEX('Activity Planner'!$O$5:$Z$1004,0,SelMonthNum)*('Activity Planner'!$C$5:$C$1004=$A23)*('Activity Planner'!$D$5:$D$1004=Lists!$E$7))) -> 0 | E23: =IF($A23="","",SUM(B23:D23)) -> 0
A24: =IF(Lists!$B$16="","",Lists!$B$16) -> 0 | B24: =IF($A24="","",SUMPRODUCT(INDEX('Activity Planner'!$O$5:$Z$1004,0,SelMonthNum)*('Activity Planner'!$C$5:$C$1004=$A24)*('Activity Planner'!$D$5:$D$1004=Lists!$E$5))) -> 0 | C24: =IF($A24="","",SUMPRODUCT(INDEX('Activity Planner'!$O$5:$Z$1004,0,SelMonthNum)*('Activity Planner'!$C$5:$C$1004=$A24)*('Activity Planner'!$D$5:$D$1004=Lists!$E$6))) -> 0 | D24: =IF($A24="","",SUMPRODUCT(INDEX('Activity Planner'!$O$5:$Z$1004,0,SelMonthNum)*('Activity Planner'!$C$5:$C$1004=$A24)*('Activity Planner'!$D$5:$D$1004=Lists!$E$7))) -> 0 | E24: =IF($A24="","",SUM(B24:D24)) -> 0
A26: WEEK BY WEEK
B27: =IF(1>DAY(EOMONTH(DATE(PlanYear,SelMonthNum,1),0)),"","Week 1 ("&1&"-"&MIN(7,DAY(EOMONTH(DATE(PlanYear,SelMonthNum,1),0)))&")") -> 0 | C27: =IF(8>DAY(EOMONTH(DATE(PlanYear,SelMonthNum,1),0)),"","Week 2 ("&8&"-"&MIN(14,DAY(EOMONTH(DATE(PlanYear,SelMonthNum,1),0)))&")") -> 0 | D27: =IF(15>DAY(EOMONTH(DATE(PlanYear,SelMonthNum,1),0)),"","Week 3 ("&15&"-"&MIN(21,DAY(EOMONTH(DATE(PlanYear,SelMonthNum,1),0)))&")") -> 0 | E27: =IF(22>DAY(EOMONTH(DATE(PlanYear,SelMonthNum,1),0)),"","Week 4 ("&22&"-"&MIN(28,DAY(EOMONTH(DATE(PlanYear,SelMonthNum,1),0)))&")") -> 0 | F27: =IF(29>DAY(EOMONTH(DATE(PlanYear,SelMonthNum,1),0)),"","Week 5 ("&29&"-"&MIN(35,DAY(EOMONTH(DATE(PlanYear,SelMonthNum,1),0)))&")") -> 0
A28: Active that week | B28: =IF(1>DAY(EOMONTH(DATE(PlanYear,SelMonthNum,1),0)),"",SUMPRODUCT(('Activity Planner'!$N$5:$N$1004=1)*('Activity Planner'!$F$5:$F$1004<=MIN(DATE(PlanYear,SelMonthNum,7),EOMONTH(DATE(PlanYear,SelMonthNum,1),0)))*(IF(ISNUMBER('Activity Planner'!$G$5:$G$1004),'Activity Planner'!$G$5:$G$1004,'Activity Planner'!$F$5:$F$1004)>=DATE(PlanYear,SelMonthNum,1)))) -> 0 | C28: =IF(8>DAY(EOMONTH(DATE(PlanYear,SelMonthNum,1),0)),"",SUMPRODUCT(('Activity Planner'!$N$5:$N$1004=1)*('Activity Planner'!$F$5:$F$1004<=MIN(DATE(PlanYear,SelMonthNum,14),EOMONTH(DATE(PlanYear,SelMonthNum,1),0)))*(IF(ISNUMBER('Activity Planner'!$G$5:$G$1004),'Activity Planner'!$G$5:$G$1004,'Activity Planner'!$F$5:$F$1004)>=DATE(PlanYear,SelMonthNum,8)))) -> 0 | D28: =IF(15>DAY(EOMONTH(DATE(PlanYear,SelMonthNum,1),0)),"",SUMPRODUCT(('Activity Planner'!$N$5:$N$1004=1)*('Activity Planner'!$F$5:$F$1004<=MIN(DATE(PlanYear,SelMonthNum,21),EOMONTH(DATE(PlanYear,SelMonthNum,1),0)))*(IF(ISNUMBER('Activity Planner'!$G$5:$G$1004),'Activity Planner'!$G$5:$G$1004,'Activity Planner'!$F$5:$F$1004)>=DATE(PlanYear,SelMonthNum,15)))) -> 0 | E28: =IF(22>DAY(EOMONTH(DATE(PlanYear,SelMonthNum,1),0)),"",SUMPRODUCT(('Activity Planner'!$N$5:$N$1004=1)*('Activity Planner'!$F$5:$F$1004<=MIN(DATE(PlanYear,SelMonthNum,28),EOMONTH(DATE(PlanYear,SelMonthNum,1),0)))*(IF(ISNUMBER('Activity Planner'!$G$5:$G$1004),'Activity Planner'!$G$5:$G$1004,'Activity Planner'!$F$5:$F$1004)>=DATE(PlanYear,SelMonthNum,22)))) -> 0 | F28: =IF(29>DAY(EOMONTH(DATE(PlanYear,SelMonthNum,1),0)),"",SUMPRODUCT(('Activity Planner'!$N$5:$N$1004=1)*('Activity Planner'!$F$5:$F$1004<=MIN(DATE(PlanYear,SelMonthNum,35),EOMONTH(DATE(PlanYear,SelMonthNum,1),0)))*(IF(ISNUMBER('Activity Planner'!$G$5:$G$1004),'Activity Planner'!$G$5:$G$1004,'Activity Planner'!$F$5:$F$1004)>=DATE(PlanYear,SelMonthNum,29)))) -> 0
A29: What | B29: {=IF(1>DAY(EOMONTH(DATE(PlanYear,SelMonthNum,1),0)),"",_xlfn.TEXTJOIN(CHAR(10),TRUE,IFERROR(INDEX('Activity Planner'!$B$5:$B$1004,SMALL(IF(('Activity Planner'!$N$5:$N$1004=1)*('Activity Planner'!$F$5:$F$1004<=MIN(DATE(PlanYear,SelMonthNum,7),EOMONTH(DATE(PlanYear,SelMonthNum,1),0)))*(IF(ISNUMBER('Activity Planner'!$G$5:$G$1004),'Activity Planner'!$G$5:$G$1004,'Activity Planner'!$F$5:$F$1004)>=DATE(PlanYear,SelMonthNum,1)),ROW('Activity Planner'!$B$5:$B$1004)-4),{1,2,3,4,5})),""))&IF(B28>5,CHAR(10)&"+"&(B28-5)&" more",""))} -> 0 | C29: {=IF(8>DAY(EOMONTH(DATE(PlanYear,SelMonthNum,1),0)),"",_xlfn.TEXTJOIN(CHAR(10),TRUE,IFERROR(INDEX('Activity Planner'!$B$5:$B$1004,SMALL(IF(('Activity Planner'!$N$5:$N$1004=1)*('Activity Planner'!$F$5:$F$1004<=MIN(DATE(PlanYear,SelMonthNum,14),EOMONTH(DATE(PlanYear,SelMonthNum,1),0)))*(IF(ISNUMBER('Activity Planner'!$G$5:$G$1004),'Activity Planner'!$G$5:$G$1004,'Activity Planner'!$F$5:$F$1004)>=DATE(PlanYear,SelMonthNum,8)),ROW('Activity Planner'!$B$5:$B$1004)-4),{1,2,3,4,5})),""))&IF(C28>5,CHAR(10)&"+"&(C28-5)&" more",""))} -> 0 | D29: {=IF(15>DAY(EOMONTH(DATE(PlanYear,SelMonthNum,1),0)),"",_xlfn.TEXTJOIN(CHAR(10),TRUE,IFERROR(INDEX('Activity Planner'!$B$5:$B$1004,SMALL(IF(('Activity Planner'!$N$5:$N$1004=1)*('Activity Planner'!$F$5:$F$1004<=MIN(DATE(PlanYear,SelMonthNum,21),EOMONTH(DATE(PlanYear,SelMonthNum,1),0)))*(IF(ISNUMBER('Activity Planner'!$G$5:$G$1004),'Activity Planner'!$G$5:$G$1004,'Activity Planner'!$F$5:$F$1004)>=DATE(PlanYear,SelMonthNum,15)),ROW('Activity Planner'!$B$5:$B$1004)-4),{1,2,3,4,5})),""))&IF(D28>5,CHAR(10)&"+"&(D28-5)&" more",""))} -> 0 | E29: {=IF(22>DAY(EOMONTH(DATE(PlanYear,SelMonthNum,1),0)),"",_xlfn.TEXTJOIN(CHAR(10),TRUE,IFERROR(INDEX('Activity Planner'!$B$5:$B$1004,SMALL(IF(('Activity Planner'!$N$5:$N$1004=1)*('Activity Planner'!$F$5:$F$1004<=MIN(DATE(PlanYear,SelMonthNum,28),EOMONTH(DATE(PlanYear,SelMonthNum,1),0)))*(IF(ISNUMBER('Activity Planner'!$G$5:$G$1004),'Activity Planner'!$G$5:$G$1004,'Activity Planner'!$F$5:$F$1004)>=DATE(PlanYear,SelMonthNum,22)),ROW('Activity Planner'!$B$5:$B$1004)-4),{1,2,3,4,5})),""))&IF(E28>5,CHAR(10)&"+"&(E28-5)&" more",""))} -> 0 | F29: {=IF(29>DAY(EOMONTH(DATE(PlanYear,SelMonthNum,1),0)),"",_xlfn.TEXTJOIN(CHAR(10),TRUE,IFERROR(INDEX('Activity Planner'!$B$5:$B$1004,SMALL(IF(('Activity Planner'!$N$5:$N$1004=1)*('Activity Planner'!$F$5:$F$1004<=MIN(DATE(PlanYear,SelMonthNum,35),EOMONTH(DATE(PlanYear,SelMonthNum,1),0)))*(IF(ISNUMBER('Activity Planner'!$G$5:$G$1004),'Activity Planner'!$G$5:$G$1004,'Activity Planner'!$F$5:$F$1004)>=DATE(PlanYear,SelMonthNum,29)),ROW('Activity Planner'!$B$5:$B$1004)-4),{1,2,3,4,5})),""))&IF(F28>5,CHAR(10)&"+"&(F28-5)&" more",""))} -> 0
A31: ="ACTIVITIES IN "&UPPER($B$5)&" (sorted by start date)" -> 0
A32: ACTIVITY | B32: START | C32: END | D32: PRACTICE | E32: MOTION | F32: TYPE | G32: STATUS | H32: OWNER
A33: =IF($K33="","",IF(INDEX('Activity Planner'!$B$5:$B$1004,$K33)="","",INDEX('Activity Planner'!$B$5:$B$1004,$K33))) -> 0 | B33: =IF($K33="","",IF(INDEX('Activity Planner'!$F$5:$F$1004,$K33)="","",INDEX('Activity Planner'!$F$5:$F$1004,$K33))) -> 0 | C33: =IF($K33="","",IF(INDEX('Activity Planner'!$G$5:$G$1004,$K33)="","",INDEX('Activity Planner'!$G$5:$G$1004,$K33))) -> 0 | D33: =IF($K33="","",IF(INDEX('Activity Planner'!$C$5:$C$1004,$K33)="","",INDEX('Activity Planner'!$C$5:$C$1004,$K33))) -> 0 | E33: =IF($K33="","",IF(INDEX('Activity Planner'!$D$5:$D$1004,$K33)="","",INDEX('Activity Planner'!$D$5:$D$1004,$K33))) -> 0 | F33: =IF($K33="","",IF(INDEX('Activity Planner'!$E$5:$E$1004,$K33)="","",INDEX('Activity Planner'!$E$5:$E$1004,$K33))) -> 0 | G33: =IF($K33="","",IF(INDEX('Activity Planner'!$H$5:$H$1004,$K33)="","",INDEX('Activity Planner'!$H$5:$H$1004,$K33))) -> 0 | H33: =IF($K33="","",IF(INDEX('Activity Planner'!$I$5:$I$1004,$K33)="","",INDEX('Activity Planner'!$I$5:$I$1004,$K33))) -> 0 | K33: =IFERROR(MATCH(SMALL(Calc!$Q$5:$Q$1004,1),Calc!$Q$5:$Q$1004,0),"") -> 0
A34: =IF($K34="","",IF(INDEX('Activity Planner'!$B$5:$B$1004,$K34)="","",INDEX('Activity Planner'!$B$5:$B$1004,$K34))) -> 0 | B34: =IF($K34="","",IF(INDEX('Activity Planner'!$F$5:$F$1004,$K34)="","",INDEX('Activity Planner'!$F$5:$F$1004,$K34))) -> 0 | C34: =IF($K34="","",IF(INDEX('Activity Planner'!$G$5:$G$1004,$K34)="","",INDEX('Activity Planner'!$G$5:$G$1004,$K34))) -> 0 | D34: =IF($K34="","",IF(INDEX('Activity Planner'!$C$5:$C$1004,$K34)="","",INDEX('Activity Planner'!$C$5:$C$1004,$K34))) -> 0 | E34: =IF($K34="","",IF(INDEX('Activity Planner'!$D$5:$D$1004,$K34)="","",INDEX('Activity Planner'!$D$5:$D$1004,$K34))) -> 0 | F34: =IF($K34="","",IF(INDEX('Activity Planner'!$E$5:$E$1004,$K34)="","",INDEX('Activity Planner'!$E$5:$E$1004,$K34))) -> 0 | G34: =IF($K34="","",IF(INDEX('Activity Planner'!$H$5:$H$1004,$K34)="","",INDEX('Activity Planner'!$H$5:$H$1004,$K34))) -> 0 | H34: =IF($K34="","",IF(INDEX('Activity Planner'!$I$5:$I$1004,$K34)="","",INDEX('Activity Planner'!$I$5:$I$1004,$K34))) -> 0 | K34: =IFERROR(MATCH(SMALL(Calc!$Q$5:$Q$1004,2),Calc!$Q$5:$Q$1004,0),"") -> 0
A35: =IF($K35="","",IF(INDEX('Activity Planner'!$B$5:$B$1004,$K35)="","",INDEX('Activity Planner'!$B$5:$B$1004,$K35))) -> 0 | B35: =IF($K35="","",IF(INDEX('Activity Planner'!$F$5:$F$1004,$K35)="","",INDEX('Activity Planner'!$F$5:$F$1004,$K35))) -> 0 | C35: =IF($K35="","",IF(INDEX('Activity Planner'!$G$5:$G$1004,$K35)="","",INDEX('Activity Planner'!$G$5:$G$1004,$K35))) -> 0 | D35: =IF($K35="","",IF(INDEX('Activity Planner'!$C$5:$C$1004,$K35)="","",INDEX('Activity Planner'!$C$5:$C$1004,$K35))) -> 0 | E35: =IF($K35="","",IF(INDEX('Activity Planner'!$D$5:$D$1004,$K35)="","",INDEX('Activity Planner'!$D$5:$D$1004,$K35))) -> 0 | F35: =IF($K35="","",IF(INDEX('Activity Planner'!$E$5:$E$1004,$K35)="","",INDEX('Activity Planner'!$E$5:$E$1004,$K35))) -> 0 | G35: =IF($K35="","",IF(INDEX('Activity Planner'!$H$5:$H$1004,$K35)="","",INDEX('Activity Planner'!$H$5:$H$1004,$K35))) -> 0 | H35: =IF($K35="","",IF(INDEX('Activity Planner'!$I$5:$I$1004,$K35)="","",INDEX('Activity Planner'!$I$5:$I$1004,$K35))) -> 0 | K35: =IFERROR(MATCH(SMALL(Calc!$Q$5:$Q$1004,3),Calc!$Q$5:$Q$1004,0),"") -> 0
A36: =IF($K36="","",IF(INDEX('Activity Planner'!$B$5:$B$1004,$K36)="","",INDEX('Activity Planner'!$B$5:$B$1004,$K36))) -> 0 | B36: =IF($K36="","",IF(INDEX('Activity Planner'!$F$5:$F$1004,$K36)="","",INDEX('Activity Planner'!$F$5:$F$1004,$K36))) -> 0 | C36: =IF($K36="","",IF(INDEX('Activity Planner'!$G$5:$G$1004,$K36)="","",INDEX('Activity Planner'!$G$5:$G$1004,$K36))) -> 0 | D36: =IF($K36="","",IF(INDEX('Activity Planner'!$C$5:$C$1004,$K36)="","",INDEX('Activity Planner'!$C$5:$C$1004,$K36))) -> 0 | E36: =IF($K36="","",IF(INDEX('Activity Planner'!$D$5:$D$1004,$K36)="","",INDEX('Activity Planner'!$D$5:$D$1004,$K36))) -> 0 | F36: =IF($K36="","",IF(INDEX('Activity Planner'!$E$5:$E$1004,$K36)="","",INDEX('Activity Planner'!$E$5:$E$1004,$K36))) -> 0 | G36: =IF($K36="","",IF(INDEX('Activity Planner'!$H$5:$H$1004,$K36)="","",INDEX('Activity Planner'!$H$5:$H$1004,$K36))) -> 0 | H36: =IF($K36="","",IF(INDEX('Activity Planner'!$I$5:$I$1004,$K36)="","",INDEX('Activity Planner'!$I$5:$I$1004,$K36))) -> 0 | K36: =IFERROR(MATCH(SMALL(Calc!$Q$5:$Q$1004,4),Calc!$Q$5:$Q$1004,0),"") -> 0
A37: =IF($K37="","",IF(INDEX('Activity Planner'!$B$5:$B$1004,$K37)="","",INDEX('Activity Planner'!$B$5:$B$1004,$K37))) -> 0 | B37: =IF($K37="","",IF(INDEX('Activity Planner'!$F$5:$F$1004,$K37)="","",INDEX('Activity Planner'!$F$5:$F$1004,$K37))) -> 0 | C37: =IF($K37="","",IF(INDEX('Activity Planner'!$G$5:$G$1004,$K37)="","",INDEX('Activity Planner'!$G$5:$G$1004,$K37))) -> 0 | D37: =IF($K37="","",IF(INDEX('Activity Planner'!$C$5:$C$1004,$K37)="","",INDEX('Activity Planner'!$C$5:$C$1004,$K37))) -> 0 | E37: =IF($K37="","",IF(INDEX('Activity Planner'!$D$5:$D$1004,$K37)="","",INDEX('Activity Planner'!$D$5:$D$1004,$K37))) -> 0 | F37: =IF($K37="","",IF(INDEX('Activity Planner'!$E$5:$E$1004,$K37)="","",INDEX('Activity Planner'!$E$5:$E$1004,$K37))) -> 0 | G37: =IF($K37="","",IF(INDEX('Activity Planner'!$H$5:$H$1004,$K37)="","",INDEX('Activity Planner'!$H$5:$H$1004,$K37))) -> 0 | H37: =IF($K37="","",IF(INDEX('Activity Planner'!$I$5:$I$1004,$K37)="","",INDEX('Activity Planner'!$I$5:$I$1004,$K37))) -> 0 | K37: =IFERROR(MATCH(SMALL(Calc!$Q$5:$Q$1004,5),Calc!$Q$5:$Q$1004,0),"") -> 0
A38: =IF($K38="","",IF(INDEX('Activity Planner'!$B$5:$B$1004,$K38)="","",INDEX('Activity Planner'!$B$5:$B$1004,$K38))) -> 0 | B38: =IF($K38="","",IF(INDEX('Activity Planner'!$F$5:$F$1004,$K38)="","",INDEX('Activity Planner'!$F$5:$F$1004,$K38))) -> 0 | C38: =IF($K38="","",IF(INDEX('Activity Planner'!$G$5:$G$1004,$K38)="","",INDEX('Activity Planner'!$G$5:$G$1004,$K38))) -> 0 | D38: =IF($K38="","",IF(INDEX('Activity Planner'!$C$5:$C$1004,$K38)="","",INDEX('Activity Planner'!$C$5:$C$1004,$K38))) -> 0 | E38: =IF($K38="","",IF(INDEX('Activity Planner'!$D$5:$D$1004,$K38)="","",INDEX('Activity Planner'!$D$5:$D$1004,$K38))) -> 0 | F38: =IF($K38="","",IF(INDEX('Activity Planner'!$E$5:$E$1004,$K38)="","",INDEX('Activity Planner'!$E$5:$E$1004,$K38))) -> 0 | G38: =IF($K38="","",IF(INDEX('Activity Planner'!$H$5:$H$1004,$K38)="","",INDEX('Activity Planner'!$H$5:$H$1004,$K38))) -> 0 | H38: =IF($K38="","",IF(INDEX('Activity Planner'!$I$5:$I$1004,$K38)="","",INDEX('Activity Planner'!$I$5:$I$1004,$K38))) -> 0 | K38: =IFERROR(MATCH(SMALL(Calc!$Q$5:$Q$1004,6),Calc!$Q$5:$Q$1004,0),"") -> 0
A39: =IF($K39="","",IF(INDEX('Activity Planner'!$B$5:$B$1004,$K39)="","",INDEX('Activity Planner'!$B$5:$B$1004,$K39))) -> 0 | B39: =IF($K39="","",IF(INDEX('Activity Planner'!$F$5:$F$1004,$K39)="","",INDEX('Activity Planner'!$F$5:$F$1004,$K39))) -> 0 | C39: =IF($K39="","",IF(INDEX('Activity Planner'!$G$5:$G$1004,$K39)="","",INDEX('Activity Planner'!$G$5:$G$1004,$K39))) -> 0 | D39: =IF($K39="","",IF(INDEX('Activity Planner'!$C$5:$C$1004,$K39)="","",INDEX('Activity Planner'!$C$5:$C$1004,$K39))) -> 0 | E39: =IF($K39="","",IF(INDEX('Activity Planner'!$D$5:$D$1004,$K39)="","",INDEX('Activity Planner'!$D$5:$D$1004,$K39))) -> 0 | F39: =IF($K39="","",IF(INDEX('Activity Planner'!$E$5:$E$1004,$K39)="","",INDEX('Activity Planner'!$E$5:$E$1004,$K39))) -> 0 | G39: =IF($K39="","",IF(INDEX('Activity Planner'!$H$5:$H$1004,$K39)="","",INDEX('Activity Planner'!$H$5:$H$1004,$K39))) -> 0 | H39: =IF($K39="","",IF(INDEX('Activity Planner'!$I$5:$I$1004,$K39)="","",INDEX('Activity Planner'!$I$5:$I$1004,$K39))) -> 0 | K39: =IFERROR(MATCH(SMALL(Calc!$Q$5:$Q$1004,7),Calc!$Q$5:$Q$1004,0),"") -> 0
A40: =IF($K40="","",IF(INDEX('Activity Planner'!$B$5:$B$1004,$K40)="","",INDEX('Activity Planner'!$B$5:$B$1004,$K40))) -> 0 | B40: =IF($K40="","",IF(INDEX('Activity Planner'!$F$5:$F$1004,$K40)="","",INDEX('Activity Planner'!$F$5:$F$1004,$K40))) -> 0 | C40: =IF($K40="","",IF(INDEX('Activity Planner'!$G$5:$G$1004,$K40)="","",INDEX('Activity Planner'!$G$5:$G$1004,$K40))) -> 0 | D40: =IF($K40="","",IF(INDEX('Activity Planner'!$C$5:$C$1004,$K40)="","",INDEX('Activity Planner'!$C$5:$C$1004,$K40))) -> 0 | E40: =IF($K40="","",IF(INDEX('Activity Planner'!$D$5:$D$1004,$K40)="","",INDEX('Activity Planner'!$D$5:$D$1004,$K40))) -> 0 | F40: =IF($K40="","",IF(INDEX('Activity Planner'!$E$5:$E$1004,$K40)="","",INDEX('Activity Planner'!$E$5:$E$1004,$K40))) -> 0 | G40: =IF($K40="","",IF(INDEX('Activity Planner'!$H$5:$H$1004,$K40)="","",INDEX('Activity Planner'!$H$5:$H$1004,$K40))) -> 0 | H40: =IF($K40="","",IF(INDEX('Activity Planner'!$I$5:$I$1004,$K40)="","",INDEX('Activity Planner'!$I$5:$I$1004,$K40))) -> 0 | K40: =IFERROR(MATCH(SMALL(Calc!$Q$5:$Q$1004,8),Calc!$Q$5:$Q$1004,0),"") -> 0
A41: =IF($K41="","",IF(INDEX('Activity Planner'!$B$5:$B$1004,$K41)="","",INDEX('Activity Planner'!$B$5:$B$1004,$K41))) -> 0 | B41: =IF($K41="","",IF(INDEX('Activity Planner'!$F$5:$F$1004,$K41)="","",INDEX('Activity Planner'!$F$5:$F$1004,$K41))) -> 0 | C41: =IF($K41="","",IF(INDEX('Activity Planner'!$G$5:$G$1004,$K41)="","",INDEX('Activity Planner'!$G$5:$G$1004,$K41))) -> 0 | D41: =IF($K41="","",IF(INDEX('Activity Planner'!$C$5:$C$1004,$K41)="","",INDEX('Activity Planner'!$C$5:$C$1004,$K41))) -> 0 | E41: =IF($K41="","",IF(INDEX('Activity Planner'!$D$5:$D$1004,$K41)="","",INDEX('Activity Planner'!$D$5:$D$1004,$K41))) -> 0 | F41: =IF($K41="","",IF(INDEX('Activity Planner'!$E$5:$E$1004,$K41)="","",INDEX('Activity Planner'!$E$5:$E$1004,$K41))) -> 0 | G41: =IF($K41="","",IF(INDEX('Activity Planner'!$H$5:$H$1004,$K41)="","",INDEX('Activity Planner'!$H$5:$H$1004,$K41))) -> 0 | H41: =IF($K41="","",IF(INDEX('Activity Planner'!$I$5:$I$1004,$K41)="","",INDEX('Activity Planner'!$I$5:$I$1004,$K41))) -> 0 | K41: =IFERROR(MATCH(SMALL(Calc!$Q$5:$Q$1004,9),Calc!$Q$5:$Q$1004,0),"") -> 0
A42: =IF($K42="","",IF(INDEX('Activity Planner'!$B$5:$B$1004,$K42)="","",INDEX('Activity Planner'!$B$5:$B$1004,$K42))) -> 0 | B42: =IF($K42="","",IF(INDEX('Activity Planner'!$F$5:$F$1004,$K42)="","",INDEX('Activity Planner'!$F$5:$F$1004,$K42))) -> 0 | C42: =IF($K42="","",IF(INDEX('Activity Planner'!$G$5:$G$1004,$K42)="","",INDEX('Activity Planner'!$G$5:$G$1004,$K42))) -> 0 | D42: =IF($K42="","",IF(INDEX('Activity Planner'!$C$5:$C$1004,$K42)="","",INDEX('Activity Planner'!$C$5:$C$1004,$K42))) -> 0 | E42: =IF($K42="","",IF(INDEX('Activity Planner'!$D$5:$D$1004,$K42)="","",INDEX('Activity Planner'!$D$5:$D$1004,$K42))) -> 0 | F42: =IF($K42="","",IF(INDEX('Activity Planner'!$E$5:$E$1004,$K42)="","",INDEX('Activity Planner'!$E$5:$E$1004,$K42))) -> 0 | G42: =IF($K42="","",IF(INDEX('Activity Planner'!$H$5:$H$1004,$K42)="","",INDEX('Activity Planner'!$H$5:$H$1004,$K42))) -> 0 | H42: =IF($K42="","",IF(INDEX('Activity Planner'!$I$5:$I$1004,$K42)="","",INDEX('Activity Planner'!$I$5:$I$1004,$K42))) -> 0 | K42: =IFERROR(MATCH(SMALL(Calc!$Q$5:$Q$1004,10),Calc!$Q$5:$Q$1004,0),"") -> 0
A43: =IF($K43="","",IF(INDEX('Activity Planner'!$B$5:$B$1004,$K43)="","",INDEX('Activity Planner'!$B$5:$B$1004,$K43))) -> 0 | B43: =IF($K43="","",IF(INDEX('Activity Planner'!$F$5:$F$1004,$K43)="","",INDEX('Activity Planner'!$F$5:$F$1004,$K43))) -> 0 | C43: =IF($K43="","",IF(INDEX('Activity Planner'!$G$5:$G$1004,$K43)="","",INDEX('Activity Planner'!$G$5:$G$1004,$K43))) -> 0 | D43: =IF($K43="","",IF(INDEX('Activity Planner'!$C$5:$C$1004,$K43)="","",INDEX('Activity Planner'!$C$5:$C$1004,$K43))) -> 0 | E43: =IF($K43="","",IF(INDEX('Activity Planner'!$D$5:$D$1004,$K43)="","",INDEX('Activity Planner'!$D$5:$D$1004,$K43))) -> 0 | F43: =IF($K43="","",IF(INDEX('Activity Planner'!$E$5:$E$1004,$K43)="","",INDEX('Activity Planner'!$E$5:$E$1004,$K43))) -> 0 | G43: =IF($K43="","",IF(INDEX('Activity Planner'!$H$5:$H$1004,$K43)="","",INDEX('Activity Planner'!$H$5:$H$1004,$K43))) -> 0 | H43: =IF($K43="","",IF(INDEX('Activity Planner'!$I$5:$I$1004,$K43)="","",INDEX('Activity Planner'!$I$5:$I$1004,$K43))) -> 0 | K43: =IFERROR(MATCH(SMALL(Calc!$Q$5:$Q$1004,11),Calc!$Q$5:$Q$1004,0),"") -> 0
A44: =IF($K44="","",IF(INDEX('Activity Planner'!$B$5:$B$1004,$K44)="","",INDEX('Activity Planner'!$B$5:$B$1004,$K44))) -> 0 | B44: =IF($K44="","",IF(INDEX('Activity Planner'!$F$5:$F$1004,$K44)="","",INDEX('Activity Planner'!$F$5:$F$1004,$K44))) -> 0 | C44: =IF($K44="","",IF(INDEX('Activity Planner'!$G$5:$G$1004,$K44)="","",INDEX('Activity Planner'!$G$5:$G$1004,$K44))) -> 0 | D44: =IF($K44="","",IF(INDEX('Activity Planner'!$C$5:$C$1004,$K44)="","",INDEX('Activity Planner'!$C$5:$C$1004,$K44))) -> 0 | E44: =IF($K44="","",IF(INDEX('Activity Planner'!$D$5:$D$1004,$K44)="","",INDEX('Activity Planner'!$D$5:$D$1004,$K44))) -> 0 | F44: =IF($K44="","",IF(INDEX('Activity Planner'!$E$5:$E$1004,$K44)="","",INDEX('Activity Planner'!$E$5:$E$1004,$K44))) -> 0 | G44: =IF($K44="","",IF(INDEX('Activity Planner'!$H$5:$H$1004,$K44)="","",INDEX('Activity Planner'!$H$5:$H$1004,$K44))) -> 0 | H44: =IF($K44="","",IF(INDEX('Activity Planner'!$I$5:$I$1004,$K44)="","",INDEX('Activity Planner'!$I$5:$I$1004,$K44))) -> 0 | K44: =IFERROR(MATCH(SMALL(Calc!$Q$5:$Q$1004,12),Calc!$Q$5:$Q$1004,0),"") -> 0
A45: =IF($K45="","",IF(INDEX('Activity Planner'!$B$5:$B$1004,$K45)="","",INDEX('Activity Planner'!$B$5:$B$1004,$K45))) -> 0 | B45: =IF($K45="","",IF(INDEX('Activity Planner'!$F$5:$F$1004,$K45)="","",INDEX('Activity Planner'!$F$5:$F$1004,$K45))) -> 0 | C45: =IF($K45="","",IF(INDEX('Activity Planner'!$G$5:$G$1004,$K45)="","",INDEX('Activity Planner'!$G$5:$G$1004,$K45))) -> 0 | D45: =IF($K45="","",IF(INDEX('Activity Planner'!$C$5:$C$1004,$K45)="","",INDEX('Activity Planner'!$C$5:$C$1004,$K45))) -> 0 | E45: =IF($K45="","",IF(INDEX('Activity Planner'!$D$5:$D$1004,$K45)="","",INDEX('Activity Planner'!$D$5:$D$1004,$K45))) -> 0 | F45: =IF($K45="","",IF(INDEX('Activity Planner'!$E$5:$E$1004,$K45)="","",INDEX('Activity Planner'!$E$5:$E$1004,$K45))) -> 0 | G45: =IF($K45="","",IF(INDEX('Activity Planner'!$H$5:$H$1004,$K45)="","",INDEX('Activity Planner'!$H$5:$H$1004,$K45))) -> 0 | H45: =IF($K45="","",IF(INDEX('Activity Planner'!$I$5:$I$1004,$K45)="","",INDEX('Activity Planner'!$I$5:$I$1004,$K45))) -> 0 | K45: =IFERROR(MATCH(SMALL(Calc!$Q$5:$Q$1004,13),Calc!$Q$5:$Q$1004,0),"") -> 0
A46: =IF($K46="","",IF(INDEX('Activity Planner'!$B$5:$B$1004,$K46)="","",INDEX('Activity Planner'!$B$5:$B$1004,$K46))) -> 0 | B46: =IF($K46="","",IF(INDEX('Activity Planner'!$F$5:$F$1004,$K46)="","",INDEX('Activity Planner'!$F$5:$F$1004,$K46))) -> 0 | C46: =IF($K46="","",IF(INDEX('Activity Planner'!$G$5:$G$1004,$K46)="","",INDEX('Activity Planner'!$G$5:$G$1004,$K46))) -> 0 | D46: =IF($K46="","",IF(INDEX('Activity Planner'!$C$5:$C$1004,$K46)="","",INDEX('Activity Planner'!$C$5:$C$1004,$K46))) -> 0 | E46: =IF($K46="","",IF(INDEX('Activity Planner'!$D$5:$D$1004,$K46)="","",INDEX('Activity Planner'!$D$5:$D$1004,$K46))) -> 0 | F46: =IF($K46="","",IF(INDEX('Activity Planner'!$E$5:$E$1004,$K46)="","",INDEX('Activity Planner'!$E$5:$E$1004,$K46))) -> 0 | G46: =IF($K46="","",IF(INDEX('Activity Planner'!$H$5:$H$1004,$K46)="","",INDEX('Activity Planner'!$H$5:$H$1004,$K46))) -> 0 | H46: =IF($K46="","",IF(INDEX('Activity Planner'!$I$5:$I$1004,$K46)="","",INDEX('Activity Planner'!$I$5:$I$1004,$K46))) -> 0 | K46: =IFERROR(MATCH(SMALL(Calc!$Q$5:$Q$1004,14),Calc!$Q$5:$Q$1004,0),"") -> 0
A47: =IF($K47="","",IF(INDEX('Activity Planner'!$B$5:$B$1004,$K47)="","",INDEX('Activity Planner'!$B$5:$B$1004,$K47))) -> 0 | B47: =IF($K47="","",IF(INDEX('Activity Planner'!$F$5:$F$1004,$K47)="","",INDEX('Activity Planner'!$F$5:$F$1004,$K47))) -> 0 | C47: =IF($K47="","",IF(INDEX('Activity Planner'!$G$5:$G$1004,$K47)="","",INDEX('Activity Planner'!$G$5:$G$1004,$K47))) -> 0 | D47: =IF($K47="","",IF(INDEX('Activity Planner'!$C$5:$C$1004,$K47)="","",INDEX('Activity Planner'!$C$5:$C$1004,$K47))) -> 0 | E47: =IF($K47="","",IF(INDEX('Activity Planner'!$D$5:$D$1004,$K47)="","",INDEX('Activity Planner'!$D$5:$D$1004,$K47))) -> 0 | F47: =IF($K47="","",IF(INDEX('Activity Planner'!$E$5:$E$1004,$K47)="","",INDEX('Activity Planner'!$E$5:$E$1004,$K47))) -> 0 | G47: =IF($K47="","",IF(INDEX('Activity Planner'!$H$5:$H$1004,$K47)="","",INDEX('Activity Planner'!$H$5:$H$1004,$K47))) -> 0 | H47: =IF($K47="","",IF(INDEX('Activity Planner'!$I$5:$I$1004,$K47)="","",INDEX('Activity Planner'!$I$5:$I$1004,$K47))) -> 0 | K47: =IFERROR(MATCH(SMALL(Calc!$Q$5:$Q$1004,15),Calc!$Q$5:$Q$1004,0),"") -> 0
A48: =IF($K48="","",IF(INDEX('Activity Planner'!$B$5:$B$1004,$K48)="","",INDEX('Activity Planner'!$B$5:$B$1004,$K48))) -> 0 | B48: =IF($K48="","",IF(INDEX('Activity Planner'!$F$5:$F$1004,$K48)="","",INDEX('Activity Planner'!$F$5:$F$1004,$K48))) -> 0 | C48: =IF($K48="","",IF(INDEX('Activity Planner'!$G$5:$G$1004,$K48)="","",INDEX('Activity Planner'!$G$5:$G$1004,$K48))) -> 0 | D48: =IF($K48="","",IF(INDEX('Activity Planner'!$C$5:$C$1004,$K48)="","",INDEX('Activity Planner'!$C$5:$C$1004,$K48))) -> 0 | E48: =IF($K48="","",IF(INDEX('Activity Planner'!$D$5:$D$1004,$K48)="","",INDEX('Activity Planner'!$D$5:$D$1004,$K48))) -> 0 | F48: =IF($K48="","",IF(INDEX('Activity Planner'!$E$5:$E$1004,$K48)="","",INDEX('Activity Planner'!$E$5:$E$1004,$K48))) -> 0 | G48: =IF($K48="","",IF(INDEX('Activity Planner'!$H$5:$H$1004,$K48)="","",INDEX('Activity Planner'!$H$5:$H$1004,$K48))) -> 0 | H48: =IF($K48="","",IF(INDEX('Activity Planner'!$I$5:$I$1004,$K48)="","",INDEX('Activity Planner'!$I$5:$I$1004,$K48))) -> 0 | K48: =IFERROR(MATCH(SMALL(Calc!$Q$5:$Q$1004,16),Calc!$Q$5:$Q$1004,0),"") -> 0
A49: =IF($K49="","",IF(INDEX('Activity Planner'!$B$5:$B$1004,$K49)="","",INDEX('Activity Planner'!$B$5:$B$1004,$K49))) -> 0 | B49: =IF($K49="","",IF(INDEX('Activity Planner'!$F$5:$F$1004,$K49)="","",INDEX('Activity Planner'!$F$5:$F$1004,$K49))) -> 0 | C49: =IF($K49="","",IF(INDEX('Activity Planner'!$G$5:$G$1004,$K49)="","",INDEX('Activity Planner'!$G$5:$G$1004,$K49))) -> 0 | D49: =IF($K49="","",IF(INDEX('Activity Planner'!$C$5:$C$1004,$K49)="","",INDEX('Activity Planner'!$C$5:$C$1004,$K49))) -> 0 | E49: =IF($K49="","",IF(INDEX('Activity Planner'!$D$5:$D$1004,$K49)="","",INDEX('Activity Planner'!$D$5:$D$1004,$K49))) -> 0 | F49: =IF($K49="","",IF(INDEX('Activity Planner'!$E$5:$E$1004,$K49)="","",INDEX('Activity Planner'!$E$5:$E$1004,$K49))) -> 0 | G49: =IF($K49="","",IF(INDEX('Activity Planner'!$H$5:$H$1004,$K49)="","",INDEX('Activity Planner'!$H$5:$H$1004,$K49))) -> 0 | H49: =IF($K49="","",IF(INDEX('Activity Planner'!$I$5:$I$1004,$K49)="","",INDEX('Activity Planner'!$I$5:$I$1004,$K49))) -> 0 | K49: =IFERROR(MATCH(SMALL(Calc!$Q$5:$Q$1004,17),Calc!$Q$5:$Q$1004,0),"") -> 0
A50: =IF($K50="","",IF(INDEX('Activity Planner'!$B$5:$B$1004,$K50)="","",INDEX('Activity Planner'!$B$5:$B$1004,$K50))) -> 0 | B50: =IF($K50="","",IF(INDEX('Activity Planner'!$F$5:$F$1004,$K50)="","",INDEX('Activity Planner'!$F$5:$F$1004,$K50))) -> 0 | C50: =IF($K50="","",IF(INDEX('Activity Planner'!$G$5:$G$1004,$K50)="","",INDEX('Activity Planner'!$G$5:$G$1004,$K50))) -> 0 | D50: =IF($K50="","",IF(INDEX('Activity Planner'!$C$5:$C$1004,$K50)="","",INDEX('Activity Planner'!$C$5:$C$1004,$K50))) -> 0 | E50: =IF($K50="","",IF(INDEX('Activity Planner'!$D$5:$D$1004,$K50)="","",INDEX('Activity Planner'!$D$5:$D$1004,$K50))) -> 0 | F50: =IF($K50="","",IF(INDEX('Activity Planner'!$E$5:$E$1004,$K50)="","",INDEX('Activity Planner'!$E$5:$E$1004,$K50))) -> 0 | G50: =IF($K50="","",IF(INDEX('Activity Planner'!$H$5:$H$1004,$K50)="","",INDEX('Activity Planner'!$H$5:$H$1004,$K50))) -> 0 | H50: =IF($K50="","",IF(INDEX('Activity Planner'!$I$5:$I$1004,$K50)="","",INDEX('Activity Planner'!$I$5:$I$1004,$K50))) -> 0 | K50: =IFERROR(MATCH(SMALL(Calc!$Q$5:$Q$1004,18),Calc!$Q$5:$Q$1004,0),"") -> 0
A51: =IF($K51="","",IF(INDEX('Activity Planner'!$B$5:$B$1004,$K51)="","",INDEX('Activity Planner'!$B$5:$B$1004,$K51))) -> 0 | B51: =IF($K51="","",IF(INDEX('Activity Planner'!$F$5:$F$1004,$K51)="","",INDEX('Activity Planner'!$F$5:$F$1004,$K51))) -> 0 | C51: =IF($K51="","",IF(INDEX('Activity Planner'!$G$5:$G$1004,$K51)="","",INDEX('Activity Planner'!$G$5:$G$1004,$K51))) -> 0 | D51: =IF($K51="","",IF(INDEX('Activity Planner'!$C$5:$C$1004,$K51)="","",INDEX('Activity Planner'!$C$5:$C$1004,$K51))) -> 0 | E51: =IF($K51="","",IF(INDEX('Activity Planner'!$D$5:$D$1004,$K51)="","",INDEX('Activity Planner'!$D$5:$D$1004,$K51))) -> 0 | F51: =IF($K51="","",IF(INDEX('Activity Planner'!$E$5:$E$1004,$K51)="","",INDEX('Activity Planner'!$E$5:$E$1004,$K51))) -> 0 | G51: =IF($K51="","",IF(INDEX('Activity Planner'!$H$5:$H$1004,$K51)="","",INDEX('Activity Planner'!$H$5:$H$1004,$K51))) -> 0 | H51: =IF($K51="","",IF(INDEX('Activity Planner'!$I$5:$I$1004,$K51)="","",INDEX('Activity Planner'!$I$5:$I$1004,$K51))) -> 0 | K51: =IFERROR(MATCH(SMALL(Calc!$Q$5:$Q$1004,19),Calc!$Q$5:$Q$1004,0),"") -> 0
A52: =IF($K52="","",IF(INDEX('Activity Planner'!$B$5:$B$1004,$K52)="","",INDEX('Activity Planner'!$B$5:$B$1004,$K52))) -> 0 | B52: =IF($K52="","",IF(INDEX('Activity Planner'!$F$5:$F$1004,$K52)="","",INDEX('Activity Planner'!$F$5:$F$1004,$K52))) -> 0 | C52: =IF($K52="","",IF(INDEX('Activity Planner'!$G$5:$G$1004,$K52)="","",INDEX('Activity Planner'!$G$5:$G$1004,$K52))) -> 0 | D52: =IF($K52="","",IF(INDEX('Activity Planner'!$C$5:$C$1004,$K52)="","",INDEX('Activity Planner'!$C$5:$C$1004,$K52))) -> 0 | E52: =IF($K52="","",IF(INDEX('Activity Planner'!$D$5:$D$1004,$K52)="","",INDEX('Activity Planner'!$D$5:$D$1004,$K52))) -> 0 | F52: =IF($K52="","",IF(INDEX('Activity Planner'!$E$5:$E$1004,$K52)="","",INDEX('Activity Planner'!$E$5:$E$1004,$K52))) -> 0 | G52: =IF($K52="","",IF(INDEX('Activity Planner'!$H$5:$H$1004,$K52)="","",INDEX('Activity Planner'!$H$5:$H$1004,$K52))) -> 0 | H52: =IF($K52="","",IF(INDEX('Activity Planner'!$I$5:$I$1004,$K52)="","",INDEX('Activity Planner'!$I$5:$I$1004,$K52))) -> 0 | K52: =IFERROR(MATCH(SMALL(Calc!$Q$5:$Q$1004,20),Calc!$Q$5:$Q$1004,0),"") -> 0
A53: =IF($K53="","",IF(INDEX('Activity Planner'!$B$5:$B$1004,$K53)="","",INDEX('Activity Planner'!$B$5:$B$1004,$K53))) -> 0 | B53: =IF($K53="","",IF(INDEX('Activity Planner'!$F$5:$F$1004,$K53)="","",INDEX('Activity Planner'!$F$5:$F$1004,$K53))) -> 0 | C53: =IF($K53="","",IF(INDEX('Activity Planner'!$G$5:$G$1004,$K53)="","",INDEX('Activity Planner'!$G$5:$G$1004,$K53))) -> 0 | D53: =IF($K53="","",IF(INDEX('Activity Planner'!$C$5:$C$1004,$K53)="","",INDEX('Activity Planner'!$C$5:$C$1004,$K53))) -> 0 | E53: =IF($K53="","",IF(INDEX('Activity Planner'!$D$5:$D$1004,$K53)="","",INDEX('Activity Planner'!$D$5:$D$1004,$K53))) -> 0 | F53: =IF($K53="","",IF(INDEX('Activity Planner'!$E$5:$E$1004,$K53)="","",INDEX('Activity Planner'!$E$5:$E$1004,$K53))) -> 0 | G53: =IF($K53="","",IF(INDEX('Activity Planner'!$H$5:$H$1004,$K53)="","",INDEX('Activity Planner'!$H$5:$H$1004,$K53))) -> 0 | H53: =IF($K53="","",IF(INDEX('Activity Planner'!$I$5:$I$1004,$K53)="","",INDEX('Activity Planner'!$I$5:$I$1004,$K53))) -> 0 | K53: =IFERROR(MATCH(SMALL(Calc!$Q$5:$Q$1004,21),Calc!$Q$5:$Q$1004,0),"") -> 0
A54: =IF($K54="","",IF(INDEX('Activity Planner'!$B$5:$B$1004,$K54)="","",INDEX('Activity Planner'!$B$5:$B$1004,$K54))) -> 0 | B54: =IF($K54="","",IF(INDEX('Activity Planner'!$F$5:$F$1004,$K54)="","",INDEX('Activity Planner'!$F$5:$F$1004,$K54))) -> 0 | C54: =IF($K54="","",IF(INDEX('Activity Planner'!$G$5:$G$1004,$K54)="","",INDEX('Activity Planner'!$G$5:$G$1004,$K54))) -> 0 | D54: =IF($K54="","",IF(INDEX('Activity Planner'!$C$5:$C$1004,$K54)="","",INDEX('Activity Planner'!$C$5:$C$1004,$K54))) -> 0 | E54: =IF($K54="","",IF(INDEX('Activity Planner'!$D$5:$D$1004,$K54)="","",INDEX('Activity Planner'!$D$5:$D$1004,$K54))) -> 0 | F54: =IF($K54="","",IF(INDEX('Activity Planner'!$E$5:$E$1004,$K54)="","",INDEX('Activity Planner'!$E$5:$E$1004,$K54))) -> 0 | G54: =IF($K54="","",IF(INDEX('Activity Planner'!$H$5:$H$1004,$K54)="","",INDEX('Activity Planner'!$H$5:$H$1004,$K54))) -> 0 | H54: =IF($K54="","",IF(INDEX('Activity Planner'!$I$5:$I$1004,$K54)="","",INDEX('Activity Planner'!$I$5:$I$1004,$K54))) -> 0 | K54: =IFERROR(MATCH(SMALL(Calc!$Q$5:$Q$1004,22),Calc!$Q$5:$Q$1004,0),"") -> 0
A55: =IF($K55="","",IF(INDEX('Activity Planner'!$B$5:$B$1004,$K55)="","",INDEX('Activity Planner'!$B$5:$B$1004,$K55))) -> 0 | B55: =IF($K55="","",IF(INDEX('Activity Planner'!$F$5:$F$1004,$K55)="","",INDEX('Activity Planner'!$F$5:$F$1004,$K55))) -> 0 | C55: =IF($K55="","",IF(INDEX('Activity Planner'!$G$5:$G$1004,$K55)="","",INDEX('Activity Planner'!$G$5:$G$1004,$K55))) -> 0 | D55: =IF($K55="","",IF(INDEX('Activity Planner'!$C$5:$C$1004,$K55)="","",INDEX('Activity Planner'!$C$5:$C$1004,$K55))) -> 0 | E55: =IF($K55="","",IF(INDEX('Activity Planner'!$D$5:$D$1004,$K55)="","",INDEX('Activity Planner'!$D$5:$D$1004,$K55))) -> 0 | F55: =IF($K55="","",IF(INDEX('Activity Planner'!$E$5:$E$1004,$K55)="","",INDEX('Activity Planner'!$E$5:$E$1004,$K55))) -> 0 | G55: =IF($K55="","",IF(INDEX('Activity Planner'!$H$5:$H$1004,$K55)="","",INDEX('Activity Planner'!$H$5:$H$1004,$K55))) -> 0 | H55: =IF($K55="","",IF(INDEX('Activity Planner'!$I$5:$I$1004,$K55)="","",INDEX('Activity Planner'!$I$5:$I$1004,$K55))) -> 0 | K55: =IFERROR(MATCH(SMALL(Calc!$Q$5:$Q$1004,23),Calc!$Q$5:$Q$1004,0),"") -> 0
A56: =IF($K56="","",IF(INDEX('Activity Planner'!$B$5:$B$1004,$K56)="","",INDEX('Activity Planner'!$B$5:$B$1004,$K56))) -> 0 | B56: =IF($K56="","",IF(INDEX('Activity Planner'!$F$5:$F$1004,$K56)="","",INDEX('Activity Planner'!$F$5:$F$1004,$K56))) -> 0 | C56: =IF($K56="","",IF(INDEX('Activity Planner'!$G$5:$G$1004,$K56)="","",INDEX('Activity Planner'!$G$5:$G$1004,$K56))) -> 0 | D56: =IF($K56="","",IF(INDEX('Activity Planner'!$C$5:$C$1004,$K56)="","",INDEX('Activity Planner'!$C$5:$C$1004,$K56))) -> 0 | E56: =IF($K56="","",IF(INDEX('Activity Planner'!$D$5:$D$1004,$K56)="","",INDEX('Activity Planner'!$D$5:$D$1004,$K56))) -> 0 | F56: =IF($K56="","",IF(INDEX('Activity Planner'!$E$5:$E$1004,$K56)="","",INDEX('Activity Planner'!$E$5:$E$1004,$K56))) -> 0 | G56: =IF($K56="","",IF(INDEX('Activity Planner'!$H$5:$H$1004,$K56)="","",INDEX('Activity Planner'!$H$5:$H$1004,$K56))) -> 0 | H56: =IF($K56="","",IF(INDEX('Activity Planner'!$I$5:$I$1004,$K56)="","",INDEX('Activity Planner'!$I$5:$I$1004,$K56))) -> 0 | K56: =IFERROR(MATCH(SMALL(Calc!$Q$5:$Q$1004,24),Calc!$Q$5:$Q$1004,0),"") -> 0
A57: =IF($K57="","",IF(INDEX('Activity Planner'!$B$5:$B$1004,$K57)="","",INDEX('Activity Planner'!$B$5:$B$1004,$K57))) -> 0 | B57: =IF($K57="","",IF(INDEX('Activity Planner'!$F$5:$F$1004,$K57)="","",INDEX('Activity Planner'!$F$5:$F$1004,$K57))) -> 0 | C57: =IF($K57="","",IF(INDEX('Activity Planner'!$G$5:$G$1004,$K57)="","",INDEX('Activity Planner'!$G$5:$G$1004,$K57))) -> 0 | D57: =IF($K57="","",IF(INDEX('Activity Planner'!$C$5:$C$1004,$K57)="","",INDEX('Activity Planner'!$C$5:$C$1004,$K57))) -> 0 | E57: =IF($K57="","",IF(INDEX('Activity Planner'!$D$5:$D$1004,$K57)="","",INDEX('Activity Planner'!$D$5:$D$1004,$K57))) -> 0 | F57: =IF($K57="","",IF(INDEX('Activity Planner'!$E$5:$E$1004,$K57)="","",INDEX('Activity Planner'!$E$5:$E$1004,$K57))) -> 0 | G57: =IF($K57="","",IF(INDEX('Activity Planner'!$H$5:$H$1004,$K57)="","",INDEX('Activity Planner'!$H$5:$H$1004,$K57))) -> 0 | H57: =IF($K57="","",IF(INDEX('Activity Planner'!$I$5:$I$1004,$K57)="","",INDEX('Activity Planner'!$I$5:$I$1004,$K57))) -> 0 | K57: =IFERROR(MATCH(SMALL(Calc!$Q$5:$Q$1004,25),Calc!$Q$5:$Q$1004,0),"") -> 0
A58: =IF($K58="","",IF(INDEX('Activity Planner'!$B$5:$B$1004,$K58)="","",INDEX('Activity Planner'!$B$5:$B$1004,$K58))) -> 0 | B58: =IF($K58="","",IF(INDEX('Activity Planner'!$F$5:$F$1004,$K58)="","",INDEX('Activity Planner'!$F$5:$F$1004,$K58))) -> 0 | C58: =IF($K58="","",IF(INDEX('Activity Planner'!$G$5:$G$1004,$K58)="","",INDEX('Activity Planner'!$G$5:$G$1004,$K58))) -> 0 | D58: =IF($K58="","",IF(INDEX('Activity Planner'!$C$5:$C$1004,$K58)="","",INDEX('Activity Planner'!$C$5:$C$1004,$K58))) -> 0 | E58: =IF($K58="","",IF(INDEX('Activity Planner'!$D$5:$D$1004,$K58)="","",INDEX('Activity Planner'!$D$5:$D$1004,$K58))) -> 0 | F58: =IF($K58="","",IF(INDEX('Activity Planner'!$E$5:$E$1004,$K58)="","",INDEX('Activity Planner'!$E$5:$E$1004,$K58))) -> 0 | G58: =IF($K58="","",IF(INDEX('Activity Planner'!$H$5:$H$1004,$K58)="","",INDEX('Activity Planner'!$H$5:$H$1004,$K58))) -> 0 | H58: =IF($K58="","",IF(INDEX('Activity Planner'!$I$5:$I$1004,$K58)="","",INDEX('Activity Planner'!$I$5:$I$1004,$K58))) -> 0 | K58: =IFERROR(MATCH(SMALL(Calc!$Q$5:$Q$1004,26),Calc!$Q$5:$Q$1004,0),"") -> 0
A59: =IF($K59="","",IF(INDEX('Activity Planner'!$B$5:$B$1004,$K59)="","",INDEX('Activity Planner'!$B$5:$B$1004,$K59))) -> 0 | B59: =IF($K59="","",IF(INDEX('Activity Planner'!$F$5:$F$1004,$K59)="","",INDEX('Activity Planner'!$F$5:$F$1004,$K59))) -> 0 | C59: =IF($K59="","",IF(INDEX('Activity Planner'!$G$5:$G$1004,$K59)="","",INDEX('Activity Planner'!$G$5:$G$1004,$K59))) -> 0 | D59: =IF($K59="","",IF(INDEX('Activity Planner'!$C$5:$C$1004,$K59)="","",INDEX('Activity Planner'!$C$5:$C$1004,$K59))) -> 0 | E59: =IF($K59="","",IF(INDEX('Activity Planner'!$D$5:$D$1004,$K59)="","",INDEX('Activity Planner'!$D$5:$D$1004,$K59))) -> 0 | F59: =IF($K59="","",IF(INDEX('Activity Planner'!$E$5:$E$1004,$K59)="","",INDEX('Activity Planner'!$E$5:$E$1004,$K59))) -> 0 | G59: =IF($K59="","",IF(INDEX('Activity Planner'!$H$5:$H$1004,$K59)="","",INDEX('Activity Planner'!$H$5:$H$1004,$K59))) -> 0 | H59: =IF($K59="","",IF(INDEX('Activity Planner'!$I$5:$I$1004,$K59)="","",INDEX('Activity Planner'!$I$5:$I$1004,$K59))) -> 0 | K59: =IFERROR(MATCH(SMALL(Calc!$Q$5:$Q$1004,27),Calc!$Q$5:$Q$1004,0),"") -> 0
A60: =IF($K60="","",IF(INDEX('Activity Planner'!$B$5:$B$1004,$K60)="","",INDEX('Activity Planner'!$B$5:$B$1004,$K60))) -> 0 | B60: =IF($K60="","",IF(INDEX('Activity Planner'!$F$5:$F$1004,$K60)="","",INDEX('Activity Planner'!$F$5:$F$1004,$K60))) -> 0 | C60: =IF($K60="","",IF(INDEX('Activity Planner'!$G$5:$G$1004,$K60)="","",INDEX('Activity Planner'!$G$5:$G$1004,$K60))) -> 0 | D60: =IF($K60="","",IF(INDEX('Activity Planner'!$C$5:$C$1004,$K60)="","",INDEX('Activity Planner'!$C$5:$C$1004,$K60))) -> 0 | E60: =IF($K60="","",IF(INDEX('Activity Planner'!$D$5:$D$1004,$K60)="","",INDEX('Activity Planner'!$D$5:$D$1004,$K60))) -> 0 | F60: =IF($K60="","",IF(INDEX('Activity Planner'!$E$5:$E$1004,$K60)="","",INDEX('Activity Planner'!$E$5:$E$1004,$K60))) -> 0 | G60: =IF($K60="","",IF(INDEX('Activity Planner'!$H$5:$H$1004,$K60)="","",INDEX('Activity Planner'!$H$5:$H$1004,$K60))) -> 0 | H60: =IF($K60="","",IF(INDEX('Activity Planner'!$I$5:$I$1004,$K60)="","",INDEX('Activity Planner'!$I$5:$I$1004,$K60))) -> 0 | K60: =IFERROR(MATCH(SMALL(Calc!$Q$5:$Q$1004,28),Calc!$Q$5:$Q$1004,0),"") -> 0
A61: =IF($K61="","",IF(INDEX('Activity Planner'!$B$5:$B$1004,$K61)="","",INDEX('Activity Planner'!$B$5:$B$1004,$K61))) -> 0 | B61: =IF($K61="","",IF(INDEX('Activity Planner'!$F$5:$F$1004,$K61)="","",INDEX('Activity Planner'!$F$5:$F$1004,$K61))) -> 0 | C61: =IF($K61="","",IF(INDEX('Activity Planner'!$G$5:$G$1004,$K61)="","",INDEX('Activity Planner'!$G$5:$G$1004,$K61))) -> 0 | D61: =IF($K61="","",IF(INDEX('Activity Planner'!$C$5:$C$1004,$K61)="","",INDEX('Activity Planner'!$C$5:$C$1004,$K61))) -> 0 | E61: =IF($K61="","",IF(INDEX('Activity Planner'!$D$5:$D$1004,$K61)="","",INDEX('Activity Planner'!$D$5:$D$1004,$K61))) -> 0 | F61: =IF($K61="","",IF(INDEX('Activity Planner'!$E$5:$E$1004,$K61)="","",INDEX('Activity Planner'!$E$5:$E$1004,$K61))) -> 0 | G61: =IF($K61="","",IF(INDEX('Activity Planner'!$H$5:$H$1004,$K61)="","",INDEX('Activity Planner'!$H$5:$H$1004,$K61))) -> 0 | H61: =IF($K61="","",IF(INDEX('Activity Planner'!$I$5:$I$1004,$K61)="","",INDEX('Activity Planner'!$I$5:$I$1004,$K61))) -> 0 | K61: =IFERROR(MATCH(SMALL(Calc!$Q$5:$Q$1004,29),Calc!$Q$5:$Q$1004,0),"") -> 0
A62: =IF($K62="","",IF(INDEX('Activity Planner'!$B$5:$B$1004,$K62)="","",INDEX('Activity Planner'!$B$5:$B$1004,$K62))) -> 0 | B62: =IF($K62="","",IF(INDEX('Activity Planner'!$F$5:$F$1004,$K62)="","",INDEX('Activity Planner'!$F$5:$F$1004,$K62))) -> 0 | C62: =IF($K62="","",IF(INDEX('Activity Planner'!$G$5:$G$1004,$K62)="","",INDEX('Activity Planner'!$G$5:$G$1004,$K62))) -> 0 | D62: =IF($K62="","",IF(INDEX('Activity Planner'!$C$5:$C$1004,$K62)="","",INDEX('Activity Planner'!$C$5:$C$1004,$K62))) -> 0 | E62: =IF($K62="","",IF(INDEX('Activity Planner'!$D$5:$D$1004,$K62)="","",INDEX('Activity Planner'!$D$5:$D$1004,$K62))) -> 0 | F62: =IF($K62="","",IF(INDEX('Activity Planner'!$E$5:$E$1004,$K62)="","",INDEX('Activity Planner'!$E$5:$E$1004,$K62))) -> 0 | G62: =IF($K62="","",IF(INDEX('Activity Planner'!$H$5:$H$1004,$K62)="","",INDEX('Activity Planner'!$H$5:$H$1004,$K62))) -> 0 | H62: =IF($K62="","",IF(INDEX('Activity Planner'!$I$5:$I$1004,$K62)="","",INDEX('Activity Planner'!$I$5:$I$1004,$K62))) -> 0 | K62: =IFERROR(MATCH(SMALL(Calc!$Q$5:$Q$1004,30),Calc!$Q$5:$Q$1004,0),"") -> 0
A63: =IF($K63="","",IF(INDEX('Activity Planner'!$B$5:$B$1004,$K63)="","",INDEX('Activity Planner'!$B$5:$B$1004,$K63))) -> 0 | B63: =IF($K63="","",IF(INDEX('Activity Planner'!$F$5:$F$1004,$K63)="","",INDEX('Activity Planner'!$F$5:$F$1004,$K63))) -> 0 | C63: =IF($K63="","",IF(INDEX('Activity Planner'!$G$5:$G$1004,$K63)="","",INDEX('Activity Planner'!$G$5:$G$1004,$K63))) -> 0 | D63: =IF($K63="","",IF(INDEX('Activity Planner'!$C$5:$C$1004,$K63)="","",INDEX('Activity Planner'!$C$5:$C$1004,$K63))) -> 0 | E63: =IF($K63="","",IF(INDEX('Activity Planner'!$D$5:$D$1004,$K63)="","",INDEX('Activity Planner'!$D$5:$D$1004,$K63))) -> 0 | F63: =IF($K63="","",IF(INDEX('Activity Planner'!$E$5:$E$1004,$K63)="","",INDEX('Activity Planner'!$E$5:$E$1004,$K63))) -> 0 | G63: =IF($K63="","",IF(INDEX('Activity Planner'!$H$5:$H$1004,$K63)="","",INDEX('Activity Planner'!$H$5:$H$1004,$K63))) -> 0 | H63: =IF($K63="","",IF(INDEX('Activity Planner'!$I$5:$I$1004,$K63)="","",INDEX('Activity Planner'!$I$5:$I$1004,$K63))) -> 0 | K63: =IFERROR(MATCH(SMALL(Calc!$Q$5:$Q$1004,31),Calc!$Q$5:$Q$1004,0),"") -> 0
A64: =IF($K64="","",IF(INDEX('Activity Planner'!$B$5:$B$1004,$K64)="","",INDEX('Activity Planner'!$B$5:$B$1004,$K64))) -> 0 | B64: =IF($K64="","",IF(INDEX('Activity Planner'!$F$5:$F$1004,$K64)="","",INDEX('Activity Planner'!$F$5:$F$1004,$K64))) -> 0 | C64: =IF($K64="","",IF(INDEX('Activity Planner'!$G$5:$G$1004,$K64)="","",INDEX('Activity Planner'!$G$5:$G$1004,$K64))) -> 0 | D64: =IF($K64="","",IF(INDEX('Activity Planner'!$C$5:$C$1004,$K64)="","",INDEX('Activity Planner'!$C$5:$C$1004,$K64))) -> 0 | E64: =IF($K64="","",IF(INDEX('Activity Planner'!$D$5:$D$1004,$K64)="","",INDEX('Activity Planner'!$D$5:$D$1004,$K64))) -> 0 | F64: =IF($K64="","",IF(INDEX('Activity Planner'!$E$5:$E$1004,$K64)="","",INDEX('Activity Planner'!$E$5:$E$1004,$K64))) -> 0 | G64: =IF($K64="","",IF(INDEX('Activity Planner'!$H$5:$H$1004,$K64)="","",INDEX('Activity Planner'!$H$5:$H$1004,$K64))) -> 0 | H64: =IF($K64="","",IF(INDEX('Activity Planner'!$I$5:$I$1004,$K64)="","",INDEX('Activity Planner'!$I$5:$I$1004,$K64))) -> 0 | K64: =IFERROR(MATCH(SMALL(Calc!$Q$5:$Q$1004,32),Calc!$Q$5:$Q$1004,0),"") -> 0
A65: =IF($K65="","",IF(INDEX('Activity Planner'!$B$5:$B$1004,$K65)="","",INDEX('Activity Planner'!$B$5:$B$1004,$K65))) -> 0 | B65: =IF($K65="","",IF(INDEX('Activity Planner'!$F$5:$F$1004,$K65)="","",INDEX('Activity Planner'!$F$5:$F$1004,$K65))) -> 0 | C65: =IF($K65="","",IF(INDEX('Activity Planner'!$G$5:$G$1004,$K65)="","",INDEX('Activity Planner'!$G$5:$G$1004,$K65))) -> 0 | D65: =IF($K65="","",IF(INDEX('Activity Planner'!$C$5:$C$1004,$K65)="","",INDEX('Activity Planner'!$C$5:$C$1004,$K65))) -> 0 | E65: =IF($K65="","",IF(INDEX('Activity Planner'!$D$5:$D$1004,$K65)="","",INDEX('Activity Planner'!$D$5:$D$1004,$K65))) -> 0 | F65: =IF($K65="","",IF(INDEX('Activity Planner'!$E$5:$E$1004,$K65)="","",INDEX('Activity Planner'!$E$5:$E$1004,$K65))) -> 0 | G65: =IF($K65="","",IF(INDEX('Activity Planner'!$H$5:$H$1004,$K65)="","",INDEX('Activity Planner'!$H$5:$H$1004,$K65))) -> 0 | H65: =IF($K65="","",IF(INDEX('Activity Planner'!$I$5:$I$1004,$K65)="","",INDEX('Activity Planner'!$I$5:$I$1004,$K65))) -> 0 | K65: =IFERROR(MATCH(SMALL(Calc!$Q$5:$Q$1004,33),Calc!$Q$5:$Q$1004,0),"") -> 0
A66: =IF($K66="","",IF(INDEX('Activity Planner'!$B$5:$B$1004,$K66)="","",INDEX('Activity Planner'!$B$5:$B$1004,$K66))) -> 0 | B66: =IF($K66="","",IF(INDEX('Activity Planner'!$F$5:$F$1004,$K66)="","",INDEX('Activity Planner'!$F$5:$F$1004,$K66))) -> 0 | C66: =IF($K66="","",IF(INDEX('Activity Planner'!$G$5:$G$1004,$K66)="","",INDEX('Activity Planner'!$G$5:$G$1004,$K66))) -> 0 | D66: =IF($K66="","",IF(INDEX('Activity Planner'!$C$5:$C$1004,$K66)="","",INDEX('Activity Planner'!$C$5:$C$1004,$K66))) -> 0 | E66: =IF($K66="","",IF(INDEX('Activity Planner'!$D$5:$D$1004,$K66)="","",INDEX('Activity Planner'!$D$5:$D$1004,$K66))) -> 0 | F66: =IF($K66="","",IF(INDEX('Activity Planner'!$E$5:$E$1004,$K66)="","",INDEX('Activity Planner'!$E$5:$E$1004,$K66))) -> 0 | G66: =IF($K66="","",IF(INDEX('Activity Planner'!$H$5:$H$1004,$K66)="","",INDEX('Activity Planner'!$H$5:$H$1004,$K66))) -> 0 | H66: =IF($K66="","",IF(INDEX('Activity Planner'!$I$5:$I$1004,$K66)="","",INDEX('Activity Planner'!$I$5:$I$1004,$K66))) -> 0 | K66: =IFERROR(MATCH(SMALL(Calc!$Q$5:$Q$1004,34),Calc!$Q$5:$Q$1004,0),"") -> 0
A67: =IF($K67="","",IF(INDEX('Activity Planner'!$B$5:$B$1004,$K67)="","",INDEX('Activity Planner'!$B$5:$B$1004,$K67))) -> 0 | B67: =IF($K67="","",IF(INDEX('Activity Planner'!$F$5:$F$1004,$K67)="","",INDEX('Activity Planner'!$F$5:$F$1004,$K67))) -> 0 | C67: =IF($K67="","",IF(INDEX('Activity Planner'!$G$5:$G$1004,$K67)="","",INDEX('Activity Planner'!$G$5:$G$1004,$K67))) -> 0 | D67: =IF($K67="","",IF(INDEX('Activity Planner'!$C$5:$C$1004,$K67)="","",INDEX('Activity Planner'!$C$5:$C$1004,$K67))) -> 0 | E67: =IF($K67="","",IF(INDEX('Activity Planner'!$D$5:$D$1004,$K67)="","",INDEX('Activity Planner'!$D$5:$D$1004,$K67))) -> 0 | F67: =IF($K67="","",IF(INDEX('Activity Planner'!$E$5:$E$1004,$K67)="","",INDEX('Activity Planner'!$E$5:$E$1004,$K67))) -> 0 | G67: =IF($K67="","",IF(INDEX('Activity Planner'!$H$5:$H$1004,$K67)="","",INDEX('Activity Planner'!$H$5:$H$1004,$K67))) -> 0 | H67: =IF($K67="","",IF(INDEX('Activity Planner'!$I$5:$I$1004,$K67)="","",INDEX('Activity Planner'!$I$5:$I$1004,$K67))) -> 0 | K67: =IFERROR(MATCH(SMALL(Calc!$Q$5:$Q$1004,35),Calc!$Q$5:$Q$1004,0),"") -> 0
A68: =IF($K68="","",IF(INDEX('Activity Planner'!$B$5:$B$1004,$K68)="","",INDEX('Activity Planner'!$B$5:$B$1004,$K68))) -> 0 | B68: =IF($K68="","",IF(INDEX('Activity Planner'!$F$5:$F$1004,$K68)="","",INDEX('Activity Planner'!$F$5:$F$1004,$K68))) -> 0 | C68: =IF($K68="","",IF(INDEX('Activity Planner'!$G$5:$G$1004,$K68)="","",INDEX('Activity Planner'!$G$5:$G$1004,$K68))) -> 0 | D68: =IF($K68="","",IF(INDEX('Activity Planner'!$C$5:$C$1004,$K68)="","",INDEX('Activity Planner'!$C$5:$C$1004,$K68))) -> 0 | E68: =IF($K68="","",IF(INDEX('Activity Planner'!$D$5:$D$1004,$K68)="","",INDEX('Activity Planner'!$D$5:$D$1004,$K68))) -> 0 | F68: =IF($K68="","",IF(INDEX('Activity Planner'!$E$5:$E$1004,$K68)="","",INDEX('Activity Planner'!$E$5:$E$1004,$K68))) -> 0 | G68: =IF($K68="","",IF(INDEX('Activity Planner'!$H$5:$H$1004,$K68)="","",INDEX('Activity Planner'!$H$5:$H$1004,$K68))) -> 0 | H68: =IF($K68="","",IF(INDEX('Activity Planner'!$I$5:$I$1004,$K68)="","",INDEX('Activity Planner'!$I$5:$I$1004,$K68))) -> 0 | K68: =IFERROR(MATCH(SMALL(Calc!$Q$5:$Q$1004,36),Calc!$Q$5:$Q$1004,0),"") -> 0
A69: =IF($K69="","",IF(INDEX('Activity Planner'!$B$5:$B$1004,$K69)="","",INDEX('Activity Planner'!$B$5:$B$1004,$K69))) -> 0 | B69: =IF($K69="","",IF(INDEX('Activity Planner'!$F$5:$F$1004,$K69)="","",INDEX('Activity Planner'!$F$5:$F$1004,$K69))) -> 0 | C69: =IF($K69="","",IF(INDEX('Activity Planner'!$G$5:$G$1004,$K69)="","",INDEX('Activity Planner'!$G$5:$G$1004,$K69))) -> 0 | D69: =IF($K69="","",IF(INDEX('Activity Planner'!$C$5:$C$1004,$K69)="","",INDEX('Activity Planner'!$C$5:$C$1004,$K69))) -> 0 | E69: =IF($K69="","",IF(INDEX('Activity Planner'!$D$5:$D$1004,$K69)="","",INDEX('Activity Planner'!$D$5:$D$1004,$K69))) -> 0 | F69: =IF($K69="","",IF(INDEX('Activity Planner'!$E$5:$E$1004,$K69)="","",INDEX('Activity Planner'!$E$5:$E$1004,$K69))) -> 0 | G69: =IF($K69="","",IF(INDEX('Activity Planner'!$H$5:$H$1004,$K69)="","",INDEX('Activity Planner'!$H$5:$H$1004,$K69))) -> 0 | H69: =IF($K69="","",IF(INDEX('Activity Planner'!$I$5:$I$1004,$K69)="","",INDEX('Activity Planner'!$I$5:$I$1004,$K69))) -> 0 | K69: =IFERROR(MATCH(SMALL(Calc!$Q$5:$Q$1004,37),Calc!$Q$5:$Q$1004,0),"") -> 0
A70: =IF($K70="","",IF(INDEX('Activity Planner'!$B$5:$B$1004,$K70)="","",INDEX('Activity Planner'!$B$5:$B$1004,$K70))) -> 0 | B70: =IF($K70="","",IF(INDEX('Activity Planner'!$F$5:$F$1004,$K70)="","",INDEX('Activity Planner'!$F$5:$F$1004,$K70))) -> 0 | C70: =IF($K70="","",IF(INDEX('Activity Planner'!$G$5:$G$1004,$K70)="","",INDEX('Activity Planner'!$G$5:$G$1004,$K70))) -> 0 | D70: =IF($K70="","",IF(INDEX('Activity Planner'!$C$5:$C$1004,$K70)="","",INDEX('Activity Planner'!$C$5:$C$1004,$K70))) -> 0 | E70: =IF($K70="","",IF(INDEX('Activity Planner'!$D$5:$D$1004,$K70)="","",INDEX('Activity Planner'!$D$5:$D$1004,$K70))) -> 0 | F70: =IF($K70="","",IF(INDEX('Activity Planner'!$E$5:$E$1004,$K70)="","",INDEX('Activity Planner'!$E$5:$E$1004,$K70))) -> 0 | G70: =IF($K70="","",IF(INDEX('Activity Planner'!$H$5:$H$1004,$K70)="","",INDEX('Activity Planner'!$H$5:$H$1004,$K70))) -> 0 | H70: =IF($K70="","",IF(INDEX('Activity Planner'!$I$5:$I$1004,$K70)="","",INDEX('Activity Planner'!$I$5:$I$1004,$K70))) -> 0 | K70: =IFERROR(MATCH(SMALL(Calc!$Q$5:$Q$1004,38),Calc!$Q$5:$Q$1004,0),"") -> 0
A71: =IF($K71="","",IF(INDEX('Activity Planner'!$B$5:$B$1004,$K71)="","",INDEX('Activity Planner'!$B$5:$B$1004,$K71))) -> 0 | B71: =IF($K71="","",IF(INDEX('Activity Planner'!$F$5:$F$1004,$K71)="","",INDEX('Activity Planner'!$F$5:$F$1004,$K71))) -> 0 | C71: =IF($K71="","",IF(INDEX('Activity Planner'!$G$5:$G$1004,$K71)="","",INDEX('Activity Planner'!$G$5:$G$1004,$K71))) -> 0 | D71: =IF($K71="","",IF(INDEX('Activity Planner'!$C$5:$C$1004,$K71)="","",INDEX('Activity Planner'!$C$5:$C$1004,$K71))) -> 0 | E71: =IF($K71="","",IF(INDEX('Activity Planner'!$D$5:$D$1004,$K71)="","",INDEX('Activity Planner'!$D$5:$D$1004,$K71))) -> 0 | F71: =IF($K71="","",IF(INDEX('Activity Planner'!$E$5:$E$1004,$K71)="","",INDEX('Activity Planner'!$E$5:$E$1004,$K71))) -> 0 | G71: =IF($K71="","",IF(INDEX('Activity Planner'!$H$5:$H$1004,$K71)="","",INDEX('Activity Planner'!$H$5:$H$1004,$K71))) -> 0 | H71: =IF($K71="","",IF(INDEX('Activity Planner'!$I$5:$I$1004,$K71)="","",INDEX('Activity Planner'!$I$5:$I$1004,$K71))) -> 0 | K71: =IFERROR(MATCH(SMALL(Calc!$Q$5:$Q$1004,39),Calc!$Q$5:$Q$1004,0),"") -> 0
A72: =IF($K72="","",IF(INDEX('Activity Planner'!$B$5:$B$1004,$K72)="","",INDEX('Activity Planner'!$B$5:$B$1004,$K72))) -> 0 | B72: =IF($K72="","",IF(INDEX('Activity Planner'!$F$5:$F$1004,$K72)="","",INDEX('Activity Planner'!$F$5:$F$1004,$K72))) -> 0 | C72: =IF($K72="","",IF(INDEX('Activity Planner'!$G$5:$G$1004,$K72)="","",INDEX('Activity Planner'!$G$5:$G$1004,$K72))) -> 0 | D72: =IF($K72="","",IF(INDEX('Activity Planner'!$C$5:$C$1004,$K72)="","",INDEX('Activity Planner'!$C$5:$C$1004,$K72))) -> 0 | E72: =IF($K72="","",IF(INDEX('Activity Planner'!$D$5:$D$1004,$K72)="","",INDEX('Activity Planner'!$D$5:$D$1004,$K72))) -> 0 | F72: =IF($K72="","",IF(INDEX('Activity Planner'!$E$5:$E$1004,$K72)="","",INDEX('Activity Planner'!$E$5:$E$1004,$K72))) -> 0 | G72: =IF($K72="","",IF(INDEX('Activity Planner'!$H$5:$H$1004,$K72)="","",INDEX('Activity Planner'!$H$5:$H$1004,$K72))) -> 0 | H72: =IF($K72="","",IF(INDEX('Activity Planner'!$I$5:$I$1004,$K72)="","",INDEX('Activity Planner'!$I$5:$I$1004,$K72))) -> 0 | K72: =IFERROR(MATCH(SMALL(Calc!$Q$5:$Q$1004,40),Calc!$Q$5:$Q$1004,0),"") -> 0
A74: =IF(COUNT(Calc!$Q$5:$Q$1004)>40,"Showing the first 40 of "&COUNT(Calc!$Q$5:$Q$1004)&" activities - filter the Activity Planner for the rest.","") -> 0

Sheet Practice View
A1: PRACTICE VIEW
A2: One practice, across the year.
A3: Pick a practice to see its three motions month by month, and every activity behind them.
A5: Select practice: | B5: Priority A | C5: ="Planning year "&PlanYear&" | Showing: "&StatusFilter -> 0
A7: TOTAL ACTIVITIES | B7: EVENTS | C7: CREATE THE REASON TO CARE | D7: BUILD MOMENTUM | E7: CREATE OPPORTUNITY | F7: BUSIEST MONTH
A8: =COUNT(Calc!$R$5:$R$1004) -> 0 | B8: =SUMPRODUCT(--ISNUMBER(Calc!$R$5:$R$1004),--('Activity Planner'!$E$5:$E$1004="Event")) -> 0 | C8: =SUMPRODUCT(--ISNUMBER(Calc!$R$5:$R$1004),--('Activity Planner'!$D$5:$D$1004=Lists!$E$5)) -> 0 | D8: =SUMPRODUCT(--ISNUMBER(Calc!$R$5:$R$1004),--('Activity Planner'!$D$5:$D$1004=Lists!$E$6)) -> 0 | E8: =SUMPRODUCT(--ISNUMBER(Calc!$R$5:$R$1004),--('Activity Planner'!$D$5:$D$1004=Lists!$E$7)) -> 0 | F8: =IF(MAX($B$17:$M$17)=0,"-",INDEX(MonthList,MATCH(MAX($B$17:$M$17),$B$17:$M$17,0))) -> 0
A10: THREE MOTIONS ACROSS THE YEAR
A11: MOTION | B11: JAN | C11: FEB | D11: MAR | E11: APR | F11: MAY | G11: JUN | H11: JUL | I11: AUG | J11: SEP | K11: OCT | L11: NOV | M11: DEC
A12: =Lists!$E$5 -> 0 | B12: {=IF(SelPractice="","",_xlfn.TEXTJOIN(CHAR(10),TRUE,IFERROR(INDEX('Activity Planner'!$B$5:$B$1004,SMALL(IF(('Activity Planner'!$C$5:$C$1004=SelPractice)*('Activity Planner'!$D$5:$D$1004=$A12)*('Activity Planner'!$O$5:$O$1004=1),ROW('Activity Planner'!$B$5:$B$1004)-4),{1,2,3})),""))&IF(SUMIFS('Activity Planner'!$O$5:$O$1004,'Activity Planner'!$C$5:$C$1004,SelPractice,'Activity Planner'!$D$5:$D$1004,$A12)>3,CHAR(10)&"+"&(SUMIFS('Activity Planner'!$O$5:$O$1004,'Activity Planner'!$C$5:$C$1004,SelPractice,'Activity Planner'!$D$5:$D$1004,$A12)-3)&" more",""))} -> 0 | C12: {=IF(SelPractice="","",_xlfn.TEXTJOIN(CHAR(10),TRUE,IFERROR(INDEX('Activity Planner'!$B$5:$B$1004,SMALL(IF(('Activity Planner'!$C$5:$C$1004=SelPractice)*('Activity Planner'!$D$5:$D$1004=$A12)*('Activity Planner'!$P$5:$P$1004=1),ROW('Activity Planner'!$B$5:$B$1004)-4),{1,2,3})),""))&IF(SUMIFS('Activity Planner'!$P$5:$P$1004,'Activity Planner'!$C$5:$C$1004,SelPractice,'Activity Planner'!$D$5:$D$1004,$A12)>3,CHAR(10)&"+"&(SUMIFS('Activity Planner'!$P$5:$P$1004,'Activity Planner'!$C$5:$C$1004,SelPractice,'Activity Planner'!$D$5:$D$1004,$A12)-3)&" more",""))} -> 0 | D12: {=IF(SelPractice="","",_xlfn.TEXTJOIN(CHAR(10),TRUE,IFERROR(INDEX('Activity Planner'!$B$5:$B$1004,SMALL(IF(('Activity Planner'!$C$5:$C$1004=SelPractice)*('Activity Planner'!$D$5:$D$1004=$A12)*('Activity Planner'!$Q$5:$Q$1004=1),ROW('Activity Planner'!$B$5:$B$1004)-4),{1,2,3})),""))&IF(SUMIFS('Activity Planner'!$Q$5:$Q$1004,'Activity Planner'!$C$5:$C$1004,SelPractice,'Activity Planner'!$D$5:$D$1004,$A12)>3,CHAR(10)&"+"&(SUMIFS('Activity Planner'!$Q$5:$Q$1004,'Activity Planner'!$C$5:$C$1004,SelPractice,'Activity Planner'!$D$5:$D$1004,$A12)-3)&" more",""))} -> 0 | E12: {=IF(SelPractice="","",_xlfn.TEXTJOIN(CHAR(10),TRUE,IFERROR(INDEX('Activity Planner'!$B$5:$B$1004,SMALL(IF(('Activity Planner'!$C$5:$C$1004=SelPractice)*('Activity Planner'!$D$5:$D$1004=$A12)*('Activity Planner'!$R$5:$R$1004=1),ROW('Activity Planner'!$B$5:$B$1004)-4),{1,2,3})),""))&IF(SUMIFS('Activity Planner'!$R$5:$R$1004,'Activity Planner'!$C$5:$C$1004,SelPractice,'Activity Planner'!$D$5:$D$1004,$A12)>3,CHAR(10)&"+"&(SUMIFS('Activity Planner'!$R$5:$R$1004,'Activity Planner'!$C$5:$C$1004,SelPractice,'Activity Planner'!$D$5:$D$1004,$A12)-3)&" more",""))} -> 0 | F12: {=IF(SelPractice="","",_xlfn.TEXTJOIN(CHAR(10),TRUE,IFERROR(INDEX('Activity Planner'!$B$5:$B$1004,SMALL(IF(('Activity Planner'!$C$5:$C$1004=SelPractice)*('Activity Planner'!$D$5:$D$1004=$A12)*('Activity Planner'!$S$5:$S$1004=1),ROW('Activity Planner'!$B$5:$B$1004)-4),{1,2,3})),""))&IF(SUMIFS('Activity Planner'!$S$5:$S$1004,'Activity Planner'!$C$5:$C$1004,SelPractice,'Activity Planner'!$D$5:$D$1004,$A12)>3,CHAR(10)&"+"&(SUMIFS('Activity Planner'!$S$5:$S$1004,'Activity Planner'!$C$5:$C$1004,SelPractice,'Activity Planner'!$D$5:$D$1004,$A12)-3)&" more",""))} -> 0 | G12: {=IF(SelPractice="","",_xlfn.TEXTJOIN(CHAR(10),TRUE,IFERROR(INDEX('Activity Planner'!$B$5:$B$1004,SMALL(IF(('Activity Planner'!$C$5:$C$1004=SelPractice)*('Activity Planner'!$D$5:$D$1004=$A12)*('Activity Planner'!$T$5:$T$1004=1),ROW('Activity Planner'!$B$5:$B$1004)-4),{1,2,3})),""))&IF(SUMIFS('Activity Planner'!$T$5:$T$1004,'Activity Planner'!$C$5:$C$1004,SelPractice,'Activity Planner'!$D$5:$D$1004,$A12)>3,CHAR(10)&"+"&(SUMIFS('Activity Planner'!$T$5:$T$1004,'Activity Planner'!$C$5:$C$1004,SelPractice,'Activity Planner'!$D$5:$D$1004,$A12)-3)&" more",""))} -> 0 | H12: {=IF(SelPractice="","",_xlfn.TEXTJOIN(CHAR(10),TRUE,IFERROR(INDEX('Activity Planner'!$B$5:$B$1004,SMALL(IF(('Activity Planner'!$C$5:$C$1004=SelPractice)*('Activity Planner'!$D$5:$D$1004=$A12)*('Activity Planner'!$U$5:$U$1004=1),ROW('Activity Planner'!$B$5:$B$1004)-4),{1,2,3})),""))&IF(SUMIFS('Activity Planner'!$U$5:$U$1004,'Activity Planner'!$C$5:$C$1004,SelPractice,'Activity Planner'!$D$5:$D$1004,$A12)>3,CHAR(10)&"+"&(SUMIFS('Activity Planner'!$U$5:$U$1004,'Activity Planner'!$C$5:$C$1004,SelPractice,'Activity Planner'!$D$5:$D$1004,$A12)-3)&" more",""))} -> 0 | I12: {=IF(SelPractice="","",_xlfn.TEXTJOIN(CHAR(10),TRUE,IFERROR(INDEX('Activity Planner'!$B$5:$B$1004,SMALL(IF(('Activity Planner'!$C$5:$C$1004=SelPractice)*('Activity Planner'!$D$5:$D$1004=$A12)*('Activity Planner'!$V$5:$V$1004=1),ROW('Activity Planner'!$B$5:$B$1004)-4),{1,2,3})),""))&IF(SUMIFS('Activity Planner'!$V$5:$V$1004,'Activity Planner'!$C$5:$C$1004,SelPractice,'Activity Planner'!$D$5:$D$1004,$A12)>3,CHAR(10)&"+"&(SUMIFS('Activity Planner'!$V$5:$V$1004,'Activity Planner'!$C$5:$C$1004,SelPractice,'Activity Planner'!$D$5:$D$1004,$A12)-3)&" more",""))} -> 0 | J12: {=IF(SelPractice="","",_xlfn.TEXTJOIN(CHAR(10),TRUE,IFERROR(INDEX('Activity Planner'!$B$5:$B$1004,SMALL(IF(('Activity Planner'!$C$5:$C$1004=SelPractice)*('Activity Planner'!$D$5:$D$1004=$A12)*('Activity Planner'!$W$5:$W$1004=1),ROW('Activity Planner'!$B$5:$B$1004)-4),{1,2,3})),""))&IF(SUMIFS('Activity Planner'!$W$5:$W$1004,'Activity Planner'!$C$5:$C$1004,SelPractice,'Activity Planner'!$D$5:$D$1004,$A12)>3,CHAR(10)&"+"&(SUMIFS('Activity Planner'!$W$5:$W$1004,'Activity Planner'!$C$5:$C$1004,SelPractice,'Activity Planner'!$D$5:$D$1004,$A12)-3)&" more",""))} -> 0 | K12: {=IF(SelPractice="","",_xlfn.TEXTJOIN(CHAR(10),TRUE,IFERROR(INDEX('Activity Planner'!$B$5:$B$1004,SMALL(IF(('Activity Planner'!$C$5:$C$1004=SelPractice)*('Activity Planner'!$D$5:$D$1004=$A12)*('Activity Planner'!$X$5:$X$1004=1),ROW('Activity Planner'!$B$5:$B$1004)-4),{1,2,3})),""))&IF(SUMIFS('Activity Planner'!$X$5:$X$1004,'Activity Planner'!$C$5:$C$1004,SelPractice,'Activity Planner'!$D$5:$D$1004,$A12)>3,CHAR(10)&"+"&(SUMIFS('Activity Planner'!$X$5:$X$1004,'Activity Planner'!$C$5:$C$1004,SelPractice,'Activity Planner'!$D$5:$D$1004,$A12)-3)&" more",""))} -> 0 | L12: {=IF(SelPractice="","",_xlfn.TEXTJOIN(CHAR(10),TRUE,IFERROR(INDEX('Activity Planner'!$B$5:$B$1004,SMALL(IF(('Activity Planner'!$C$5:$C$1004=SelPractice)*('Activity Planner'!$D$5:$D$1004=$A12)*('Activity Planner'!$Y$5:$Y$1004=1),ROW('Activity Planner'!$B$5:$B$1004)-4),{1,2,3})),""))&IF(SUMIFS('Activity Planner'!$Y$5:$Y$1004,'Activity Planner'!$C$5:$C$1004,SelPractice,'Activity Planner'!$D$5:$D$1004,$A12)>3,CHAR(10)&"+"&(SUMIFS('Activity Planner'!$Y$5:$Y$1004,'Activity Planner'!$C$5:$C$1004,SelPractice,'Activity Planner'!$D$5:$D$1004,$A12)-3)&" more",""))} -> 0 | M12: {=IF(SelPractice="","",_xlfn.TEXTJOIN(CHAR(10),TRUE,IFERROR(INDEX('Activity Planner'!$B$5:$B$1004,SMALL(IF(('Activity Planner'!$C$5:$C$1004=SelPractice)*('Activity Planner'!$D$5:$D$1004=$A12)*('Activity Planner'!$Z$5:$Z$1004=1),ROW('Activity Planner'!$B$5:$B$1004)-4),{1,2,3})),""))&IF(SUMIFS('Activity Planner'!$Z$5:$Z$1004,'Activity Planner'!$C$5:$C$1004,SelPractice,'Activity Planner'!$D$5:$D$1004,$A12)>3,CHAR(10)&"+"&(SUMIFS('Activity Planner'!$Z$5:$Z$1004,'Activity Planner'!$C$5:$C$1004,SelPractice,'Activity Planner'!$D$5:$D$1004,$A12)-3)&" more",""))} -> 0
A13: =Lists!$E$6 -> 0 | B13: {=IF(SelPractice="","",_xlfn.TEXTJOIN(CHAR(10),TRUE,IFERROR(INDEX('Activity Planner'!$B$5:$B$1004,SMALL(IF(('Activity Planner'!$C$5:$C$1004=SelPractice)*('Activity Planner'!$D$5:$D$1004=$A13)*('Activity Planner'!$O$5:$O$1004=1),ROW('Activity Planner'!$B$5:$B$1004)-4),{1,2,3})),""))&IF(SUMIFS('Activity Planner'!$O$5:$O$1004,'Activity Planner'!$C$5:$C$1004,SelPractice,'Activity Planner'!$D$5:$D$1004,$A13)>3,CHAR(10)&"+"&(SUMIFS('Activity Planner'!$O$5:$O$1004,'Activity Planner'!$C$5:$C$1004,SelPractice,'Activity Planner'!$D$5:$D$1004,$A13)-3)&" more",""))} -> 0 | C13: {=IF(SelPractice="","",_xlfn.TEXTJOIN(CHAR(10),TRUE,IFERROR(INDEX('Activity Planner'!$B$5:$B$1004,SMALL(IF(('Activity Planner'!$C$5:$C$1004=SelPractice)*('Activity Planner'!$D$5:$D$1004=$A13)*('Activity Planner'!$P$5:$P$1004=1),ROW('Activity Planner'!$B$5:$B$1004)-4),{1,2,3})),""))&IF(SUMIFS('Activity Planner'!$P$5:$P$1004,'Activity Planner'!$C$5:$C$1004,SelPractice,'Activity Planner'!$D$5:$D$1004,$A13)>3,CHAR(10)&"+"&(SUMIFS('Activity Planner'!$P$5:$P$1004,'Activity Planner'!$C$5:$C$1004,SelPractice,'Activity Planner'!$D$5:$D$1004,$A13)-3)&" more",""))} -> 0 | D13: {=IF(SelPractice="","",_xlfn.TEXTJOIN(CHAR(10),TRUE,IFERROR(INDEX('Activity Planner'!$B$5:$B$1004,SMALL(IF(('Activity Planner'!$C$5:$C$1004=SelPractice)*('Activity Planner'!$D$5:$D$1004=$A13)*('Activity Planner'!$Q$5:$Q$1004=1),ROW('Activity Planner'!$B$5:$B$1004)-4),{1,2,3})),""))&IF(SUMIFS('Activity Planner'!$Q$5:$Q$1004,'Activity Planner'!$C$5:$C$1004,SelPractice,'Activity Planner'!$D$5:$D$1004,$A13)>3,CHAR(10)&"+"&(SUMIFS('Activity Planner'!$Q$5:$Q$1004,'Activity Planner'!$C$5:$C$1004,SelPractice,'Activity Planner'!$D$5:$D$1004,$A13)-3)&" more",""))} -> 0 | E13: {=IF(SelPractice="","",_xlfn.TEXTJOIN(CHAR(10),TRUE,IFERROR(INDEX('Activity Planner'!$B$5:$B$1004,SMALL(IF(('Activity Planner'!$C$5:$C$1004=SelPractice)*('Activity Planner'!$D$5:$D$1004=$A13)*('Activity Planner'!$R$5:$R$1004=1),ROW('Activity Planner'!$B$5:$B$1004)-4),{1,2,3})),""))&IF(SUMIFS('Activity Planner'!$R$5:$R$1004,'Activity Planner'!$C$5:$C$1004,SelPractice,'Activity Planner'!$D$5:$D$1004,$A13)>3,CHAR(10)&"+"&(SUMIFS('Activity Planner'!$R$5:$R$1004,'Activity Planner'!$C$5:$C$1004,SelPractice,'Activity Planner'!$D$5:$D$1004,$A13)-3)&" more",""))} -> 0 | F13: {=IF(SelPractice="","",_xlfn.TEXTJOIN(CHAR(10),TRUE,IFERROR(INDEX('Activity Planner'!$B$5:$B$1004,SMALL(IF(('Activity Planner'!$C$5:$C$1004=SelPractice)*('Activity Planner'!$D$5:$D$1004=$A13)*('Activity Planner'!$S$5:$S$1004=1),ROW('Activity Planner'!$B$5:$B$1004)-4),{1,2,3})),""))&IF(SUMIFS('Activity Planner'!$S$5:$S$1004,'Activity Planner'!$C$5:$C$1004,SelPractice,'Activity Planner'!$D$5:$D$1004,$A13)>3,CHAR(10)&"+"&(SUMIFS('Activity Planner'!$S$5:$S$1004,'Activity Planner'!$C$5:$C$1004,SelPractice,'Activity Planner'!$D$5:$D$1004,$A13)-3)&" more",""))} -> 0 | G13: {=IF(SelPractice="","",_xlfn.TEXTJOIN(CHAR(10),TRUE,IFERROR(INDEX('Activity Planner'!$B$5:$B$1004,SMALL(IF(('Activity Planner'!$C$5:$C$1004=SelPractice)*('Activity Planner'!$D$5:$D$1004=$A13)*('Activity Planner'!$T$5:$T$1004=1),ROW('Activity Planner'!$B$5:$B$1004)-4),{1,2,3})),""))&IF(SUMIFS('Activity Planner'!$T$5:$T$1004,'Activity Planner'!$C$5:$C$1004,SelPractice,'Activity Planner'!$D$5:$D$1004,$A13)>3,CHAR(10)&"+"&(SUMIFS('Activity Planner'!$T$5:$T$1004,'Activity Planner'!$C$5:$C$1004,SelPractice,'Activity Planner'!$D$5:$D$1004,$A13)-3)&" more",""))} -> 0 | H13: {=IF(SelPractice="","",_xlfn.TEXTJOIN(CHAR(10),TRUE,IFERROR(INDEX('Activity Planner'!$B$5:$B$1004,SMALL(IF(('Activity Planner'!$C$5:$C$1004=SelPractice)*('Activity Planner'!$D$5:$D$1004=$A13)*('Activity Planner'!$U$5:$U$1004=1),ROW('Activity Planner'!$B$5:$B$1004)-4),{1,2,3})),""))&IF(SUMIFS('Activity Planner'!$U$5:$U$1004,'Activity Planner'!$C$5:$C$1004,SelPractice,'Activity Planner'!$D$5:$D$1004,$A13)>3,CHAR(10)&"+"&(SUMIFS('Activity Planner'!$U$5:$U$1004,'Activity Planner'!$C$5:$C$1004,SelPractice,'Activity Planner'!$D$5:$D$1004,$A13)-3)&" more",""))} -> 0 | I13: {=IF(SelPractice="","",_xlfn.TEXTJOIN(CHAR(10),TRUE,IFERROR(INDEX('Activity Planner'!$B$5:$B$1004,SMALL(IF(('Activity Planner'!$C$5:$C$1004=SelPractice)*('Activity Planner'!$D$5:$D$1004=$A13)*('Activity Planner'!$V$5:$V$1004=1),ROW('Activity Planner'!$B$5:$B$1004)-4),{1,2,3})),""))&IF(SUMIFS('Activity Planner'!$V$5:$V$1004,'Activity Planner'!$C$5:$C$1004,SelPractice,'Activity Planner'!$D$5:$D$1004,$A13)>3,CHAR(10)&"+"&(SUMIFS('Activity Planner'!$V$5:$V$1004,'Activity Planner'!$C$5:$C$1004,SelPractice,'Activity Planner'!$D$5:$D$1004,$A13)-3)&" more",""))} -> 0 | J13: {=IF(SelPractice="","",_xlfn.TEXTJOIN(CHAR(10),TRUE,IFERROR(INDEX('Activity Planner'!$B$5:$B$1004,SMALL(IF(('Activity Planner'!$C$5:$C$1004=SelPractice)*('Activity Planner'!$D$5:$D$1004=$A13)*('Activity Planner'!$W$5:$W$1004=1),ROW('Activity Planner'!$B$5:$B$1004)-4),{1,2,3})),""))&IF(SUMIFS('Activity Planner'!$W$5:$W$1004,'Activity Planner'!$C$5:$C$1004,SelPractice,'Activity Planner'!$D$5:$D$1004,$A13)>3,CHAR(10)&"+"&(SUMIFS('Activity Planner'!$W$5:$W$1004,'Activity Planner'!$C$5:$C$1004,SelPractice,'Activity Planner'!$D$5:$D$1004,$A13)-3)&" more",""))} -> 0 | K13: {=IF(SelPractice="","",_xlfn.TEXTJOIN(CHAR(10),TRUE,IFERROR(INDEX('Activity Planner'!$B$5:$B$1004,SMALL(IF(('Activity Planner'!$C$5:$C$1004=SelPractice)*('Activity Planner'!$D$5:$D$1004=$A13)*('Activity Planner'!$X$5:$X$1004=1),ROW('Activity Planner'!$B$5:$B$1004)-4),{1,2,3})),""))&IF(SUMIFS('Activity Planner'!$X$5:$X$1004,'Activity Planner'!$C$5:$C$1004,SelPractice,'Activity Planner'!$D$5:$D$1004,$A13)>3,CHAR(10)&"+"&(SUMIFS('Activity Planner'!$X$5:$X$1004,'Activity Planner'!$C$5:$C$1004,SelPractice,'Activity Planner'!$D$5:$D$1004,$A13)-3)&" more",""))} -> 0 | L13: {=IF(SelPractice="","",_xlfn.TEXTJOIN(CHAR(10),TRUE,IFERROR(INDEX('Activity Planner'!$B$5:$B$1004,SMALL(IF(('Activity Planner'!$C$5:$C$1004=SelPractice)*('Activity Planner'!$D$5:$D$1004=$A13)*('Activity Planner'!$Y$5:$Y$1004=1),ROW('Activity Planner'!$B$5:$B$1004)-4),{1,2,3})),""))&IF(SUMIFS('Activity Planner'!$Y$5:$Y$1004,'Activity Planner'!$C$5:$C$1004,SelPractice,'Activity Planner'!$D$5:$D$1004,$A13)>3,CHAR(10)&"+"&(SUMIFS('Activity Planner'!$Y$5:$Y$1004,'Activity Planner'!$C$5:$C$1004,SelPractice,'Activity Planner'!$D$5:$D$1004,$A13)-3)&" more",""))} -> 0 | M13: {=IF(SelPractice="","",_xlfn.TEXTJOIN(CHAR(10),TRUE,IFERROR(INDEX('Activity Planner'!$B$5:$B$1004,SMALL(IF(('Activity Planner'!$C$5:$C$1004=SelPractice)*('Activity Planner'!$D$5:$D$1004=$A13)*('Activity Planner'!$Z$5:$Z$1004=1),ROW('Activity Planner'!$B$5:$B$1004)-4),{1,2,3})),""))&IF(SUMIFS('Activity Planner'!$Z$5:$Z$1004,'Activity Planner'!$C$5:$C$1004,SelPractice,'Activity Planner'!$D$5:$D$1004,$A13)>3,CHAR(10)&"+"&(SUMIFS('Activity Planner'!$Z$5:$Z$1004,'Activity Planner'!$C$5:$C$1004,SelPractice,'Activity Planner'!$D$5:$D$1004,$A13)-3)&" more",""))} -> 0
A14: =Lists!$E$7 -> 0 | B14: {=IF(SelPractice="","",_xlfn.TEXTJOIN(CHAR(10),TRUE,IFERROR(INDEX('Activity Planner'!$B$5:$B$1004,SMALL(IF(('Activity Planner'!$C$5:$C$1004=SelPractice)*('Activity Planner'!$D$5:$D$1004=$A14)*('Activity Planner'!$O$5:$O$1004=1),ROW('Activity Planner'!$B$5:$B$1004)-4),{1,2,3})),""))&IF(SUMIFS('Activity Planner'!$O$5:$O$1004,'Activity Planner'!$C$5:$C$1004,SelPractice,'Activity Planner'!$D$5:$D$1004,$A14)>3,CHAR(10)&"+"&(SUMIFS('Activity Planner'!$O$5:$O$1004,'Activity Planner'!$C$5:$C$1004,SelPractice,'Activity Planner'!$D$5:$D$1004,$A14)-3)&" more",""))} -> 0 | C14: {=IF(SelPractice="","",_xlfn.TEXTJOIN(CHAR(10),TRUE,IFERROR(INDEX('Activity Planner'!$B$5:$B$1004,SMALL(IF(('Activity Planner'!$C$5:$C$1004=SelPractice)*('Activity Planner'!$D$5:$D$1004=$A14)*('Activity Planner'!$P$5:$P$1004=1),ROW('Activity Planner'!$B$5:$B$1004)-4),{1,2,3})),""))&IF(SUMIFS('Activity Planner'!$P$5:$P$1004,'Activity Planner'!$C$5:$C$1004,SelPractice,'Activity Planner'!$D$5:$D$1004,$A14)>3,CHAR(10)&"+"&(SUMIFS('Activity Planner'!$P$5:$P$1004,'Activity Planner'!$C$5:$C$1004,SelPractice,'Activity Planner'!$D$5:$D$1004,$A14)-3)&" more",""))} -> 0 | D14: {=IF(SelPractice="","",_xlfn.TEXTJOIN(CHAR(10),TRUE,IFERROR(INDEX('Activity Planner'!$B$5:$B$1004,SMALL(IF(('Activity Planner'!$C$5:$C$1004=SelPractice)*('Activity Planner'!$D$5:$D$1004=$A14)*('Activity Planner'!$Q$5:$Q$1004=1),ROW('Activity Planner'!$B$5:$B$1004)-4),{1,2,3})),""))&IF(SUMIFS('Activity Planner'!$Q$5:$Q$1004,'Activity Planner'!$C$5:$C$1004,SelPractice,'Activity Planner'!$D$5:$D$1004,$A14)>3,CHAR(10)&"+"&(SUMIFS('Activity Planner'!$Q$5:$Q$1004,'Activity Planner'!$C$5:$C$1004,SelPractice,'Activity Planner'!$D$5:$D$1004,$A14)-3)&" more",""))} -> 0 | E14: {=IF(SelPractice="","",_xlfn.TEXTJOIN(CHAR(10),TRUE,IFERROR(INDEX('Activity Planner'!$B$5:$B$1004,SMALL(IF(('Activity Planner'!$C$5:$C$1004=SelPractice)*('Activity Planner'!$D$5:$D$1004=$A14)*('Activity Planner'!$R$5:$R$1004=1),ROW('Activity Planner'!$B$5:$B$1004)-4),{1,2,3})),""))&IF(SUMIFS('Activity Planner'!$R$5:$R$1004,'Activity Planner'!$C$5:$C$1004,SelPractice,'Activity Planner'!$D$5:$D$1004,$A14)>3,CHAR(10)&"+"&(SUMIFS('Activity Planner'!$R$5:$R$1004,'Activity Planner'!$C$5:$C$1004,SelPractice,'Activity Planner'!$D$5:$D$1004,$A14)-3)&" more",""))} -> 0 | F14: {=IF(SelPractice="","",_xlfn.TEXTJOIN(CHAR(10),TRUE,IFERROR(INDEX('Activity Planner'!$B$5:$B$1004,SMALL(IF(('Activity Planner'!$C$5:$C$1004=SelPractice)*('Activity Planner'!$D$5:$D$1004=$A14)*('Activity Planner'!$S$5:$S$1004=1),ROW('Activity Planner'!$B$5:$B$1004)-4),{1,2,3})),""))&IF(SUMIFS('Activity Planner'!$S$5:$S$1004,'Activity Planner'!$C$5:$C$1004,SelPractice,'Activity Planner'!$D$5:$D$1004,$A14)>3,CHAR(10)&"+"&(SUMIFS('Activity Planner'!$S$5:$S$1004,'Activity Planner'!$C$5:$C$1004,SelPractice,'Activity Planner'!$D$5:$D$1004,$A14)-3)&" more",""))} -> 0 | G14: {=IF(SelPractice="","",_xlfn.TEXTJOIN(CHAR(10),TRUE,IFERROR(INDEX('Activity Planner'!$B$5:$B$1004,SMALL(IF(('Activity Planner'!$C$5:$C$1004=SelPractice)*('Activity Planner'!$D$5:$D$1004=$A14)*('Activity Planner'!$T$5:$T$1004=1),ROW('Activity Planner'!$B$5:$B$1004)-4),{1,2,3})),""))&IF(SUMIFS('Activity Planner'!$T$5:$T$1004,'Activity Planner'!$C$5:$C$1004,SelPractice,'Activity Planner'!$D$5:$D$1004,$A14)>3,CHAR(10)&"+"&(SUMIFS('Activity Planner'!$T$5:$T$1004,'Activity Planner'!$C$5:$C$1004,SelPractice,'Activity Planner'!$D$5:$D$1004,$A14)-3)&" more",""))} -> 0 | H14: {=IF(SelPractice="","",_xlfn.TEXTJOIN(CHAR(10),TRUE,IFERROR(INDEX('Activity Planner'!$B$5:$B$1004,SMALL(IF(('Activity Planner'!$C$5:$C$1004=SelPractice)*('Activity Planner'!$D$5:$D$1004=$A14)*('Activity Planner'!$U$5:$U$1004=1),ROW('Activity Planner'!$B$5:$B$1004)-4),{1,2,3})),""))&IF(SUMIFS('Activity Planner'!$U$5:$U$1004,'Activity Planner'!$C$5:$C$1004,SelPractice,'Activity Planner'!$D$5:$D$1004,$A14)>3,CHAR(10)&"+"&(SUMIFS('Activity Planner'!$U$5:$U$1004,'Activity Planner'!$C$5:$C$1004,SelPractice,'Activity Planner'!$D$5:$D$1004,$A14)-3)&" more",""))} -> 0 | I14: {=IF(SelPractice="","",_xlfn.TEXTJOIN(CHAR(10),TRUE,IFERROR(INDEX('Activity Planner'!$B$5:$B$1004,SMALL(IF(('Activity Planner'!$C$5:$C$1004=SelPractice)*('Activity Planner'!$D$5:$D$1004=$A14)*('Activity Planner'!$V$5:$V$1004=1),ROW('Activity Planner'!$B$5:$B$1004)-4),{1,2,3})),""))&IF(SUMIFS('Activity Planner'!$V$5:$V$1004,'Activity Planner'!$C$5:$C$1004,SelPractice,'Activity Planner'!$D$5:$D$1004,$A14)>3,CHAR(10)&"+"&(SUMIFS('Activity Planner'!$V$5:$V$1004,'Activity Planner'!$C$5:$C$1004,SelPractice,'Activity Planner'!$D$5:$D$1004,$A14)-3)&" more",""))} -> 0 | J14: {=IF(SelPractice="","",_xlfn.TEXTJOIN(CHAR(10),TRUE,IFERROR(INDEX('Activity Planner'!$B$5:$B$1004,SMALL(IF(('Activity Planner'!$C$5:$C$1004=SelPractice)*('Activity Planner'!$D$5:$D$1004=$A14)*('Activity Planner'!$W$5:$W$1004=1),ROW('Activity Planner'!$B$5:$B$1004)-4),{1,2,3})),""))&IF(SUMIFS('Activity Planner'!$W$5:$W$1004,'Activity Planner'!$C$5:$C$1004,SelPractice,'Activity Planner'!$D$5:$D$1004,$A14)>3,CHAR(10)&"+"&(SUMIFS('Activity Planner'!$W$5:$W$1004,'Activity Planner'!$C$5:$C$1004,SelPractice,'Activity Planner'!$D$5:$D$1004,$A14)-3)&" more",""))} -> 0 | K14: {=IF(SelPractice="","",_xlfn.TEXTJOIN(CHAR(10),TRUE,IFERROR(INDEX('Activity Planner'!$B$5:$B$1004,SMALL(IF(('Activity Planner'!$C$5:$C$1004=SelPractice)*('Activity Planner'!$D$5:$D$1004=$A14)*('Activity Planner'!$X$5:$X$1004=1),ROW('Activity Planner'!$B$5:$B$1004)-4),{1,2,3})),""))&IF(SUMIFS('Activity Planner'!$X$5:$X$1004,'Activity Planner'!$C$5:$C$1004,SelPractice,'Activity Planner'!$D$5:$D$1004,$A14)>3,CHAR(10)&"+"&(SUMIFS('Activity Planner'!$X$5:$X$1004,'Activity Planner'!$C$5:$C$1004,SelPractice,'Activity Planner'!$D$5:$D$1004,$A14)-3)&" more",""))} -> 0 | L14: {=IF(SelPractice="","",_xlfn.TEXTJOIN(CHAR(10),TRUE,IFERROR(INDEX('Activity Planner'!$B$5:$B$1004,SMALL(IF(('Activity Planner'!$C$5:$C$1004=SelPractice)*('Activity Planner'!$D$5:$D$1004=$A14)*('Activity Planner'!$Y$5:$Y$1004=1),ROW('Activity Planner'!$B$5:$B$1004)-4),{1,2,3})),""))&IF(SUMIFS('Activity Planner'!$Y$5:$Y$1004,'Activity Planner'!$C$5:$C$1004,SelPractice,'Activity Planner'!$D$5:$D$1004,$A14)>3,CHAR(10)&"+"&(SUMIFS('Activity Planner'!$Y$5:$Y$1004,'Activity Planner'!$C$5:$C$1004,SelPractice,'Activity Planner'!$D$5:$D$1004,$A14)-3)&" more",""))} -> 0 | M14: {=IF(SelPractice="","",_xlfn.TEXTJOIN(CHAR(10),TRUE,IFERROR(INDEX('Activity Planner'!$B$5:$B$1004,SMALL(IF(('Activity Planner'!$C$5:$C$1004=SelPractice)*('Activity Planner'!$D$5:$D$1004=$A14)*('Activity Planner'!$Z$5:$Z$1004=1),ROW('Activity Planner'!$B$5:$B$1004)-4),{1,2,3})),""))&IF(SUMIFS('Activity Planner'!$Z$5:$Z$1004,'Activity Planner'!$C$5:$C$1004,SelPractice,'Activity Planner'!$D$5:$D$1004,$A14)>3,CHAR(10)&"+"&(SUMIFS('Activity Planner'!$Z$5:$Z$1004,'Activity Planner'!$C$5:$C$1004,SelPractice,'Activity Planner'!$D$5:$D$1004,$A14)-3)&" more",""))} -> 0
A17: Activities per month | B17: =SUMIFS('Activity Planner'!$O$5:$O$1004,'Activity Planner'!$C$5:$C$1004,SelPractice) -> 0 | C17: =SUMIFS('Activity Planner'!$P$5:$P$1004,'Activity Planner'!$C$5:$C$1004,SelPractice) -> 0 | D17: =SUMIFS('Activity Planner'!$Q$5:$Q$1004,'Activity Planner'!$C$5:$C$1004,SelPractice) -> 0 | E17: =SUMIFS('Activity Planner'!$R$5:$R$1004,'Activity Planner'!$C$5:$C$1004,SelPractice) -> 0 | F17: =SUMIFS('Activity Planner'!$S$5:$S$1004,'Activity Planner'!$C$5:$C$1004,SelPractice) -> 0 | G17: =SUMIFS('Activity Planner'!$T$5:$T$1004,'Activity Planner'!$C$5:$C$1004,SelPractice) -> 0 | H17: =SUMIFS('Activity Planner'!$U$5:$U$1004,'Activity Planner'!$C$5:$C$1004,SelPractice) -> 0 | I17: =SUMIFS('Activity Planner'!$V$5:$V$1004,'Activity Planner'!$C$5:$C$1004,SelPractice) -> 0 | J17: =SUMIFS('Activity Planner'!$W$5:$W$1004,'Activity Planner'!$C$5:$C$1004,SelPractice) -> 0 | K17: =SUMIFS('Activity Planner'!$X$5:$X$1004,'Activity Planner'!$C$5:$C$1004,SelPractice) -> 0 | L17: =SUMIFS('Activity Planner'!$Y$5:$Y$1004,'Activity Planner'!$C$5:$C$1004,SelPractice) -> 0 | M17: =SUMIFS('Activity Planner'!$Z$5:$Z$1004,'Activity Planner'!$C$5:$C$1004,SelPractice) -> 0
A19: ACTIVITY LIST (sorted by start date)
A20: ACTIVITY | B20: START | C20: END | D20: MOTION | E20: TYPE | F20: STATUS | G20: OWNER | H20: AUDIENCE / CHANNEL
A21: =IF($O21="","",IF(INDEX('Activity Planner'!$B$5:$B$1004,$O21)="","",INDEX('Activity Planner'!$B$5:$B$1004,$O21))) -> 0 | B21: =IF($O21="","",IF(INDEX('Activity Planner'!$F$5:$F$1004,$O21)="","",INDEX('Activity Planner'!$F$5:$F$1004,$O21))) -> 0 | C21: =IF($O21="","",IF(INDEX('Activity Planner'!$G$5:$G$1004,$O21)="","",INDEX('Activity Planner'!$G$5:$G$1004,$O21))) -> 0 | D21: =IF($O21="","",IF(INDEX('Activity Planner'!$D$5:$D$1004,$O21)="","",INDEX('Activity Planner'!$D$5:$D$1004,$O21))) -> 0 | E21: =IF($O21="","",IF(INDEX('Activity Planner'!$E$5:$E$1004,$O21)="","",INDEX('Activity Planner'!$E$5:$E$1004,$O21))) -> 0 | F21: =IF($O21="","",IF(INDEX('Activity Planner'!$H$5:$H$1004,$O21)="","",INDEX('Activity Planner'!$H$5:$H$1004,$O21))) -> 0 | G21: =IF($O21="","",IF(INDEX('Activity Planner'!$I$5:$I$1004,$O21)="","",INDEX('Activity Planner'!$I$5:$I$1004,$O21))) -> 0 | H21: =IF($O21="","",IF(INDEX('Activity Planner'!$J$5:$J$1004,$O21)="","",INDEX('Activity Planner'!$J$5:$J$1004,$O21))) -> 0 | O21: =IFERROR(MATCH(SMALL(Calc!$R$5:$R$1004,1),Calc!$R$5:$R$1004,0),"") -> 0
A22: =IF($O22="","",IF(INDEX('Activity Planner'!$B$5:$B$1004,$O22)="","",INDEX('Activity Planner'!$B$5:$B$1004,$O22))) -> 0 | B22: =IF($O22="","",IF(INDEX('Activity Planner'!$F$5:$F$1004,$O22)="","",INDEX('Activity Planner'!$F$5:$F$1004,$O22))) -> 0 | C22: =IF($O22="","",IF(INDEX('Activity Planner'!$G$5:$G$1004,$O22)="","",INDEX('Activity Planner'!$G$5:$G$1004,$O22))) -> 0 | D22: =IF($O22="","",IF(INDEX('Activity Planner'!$D$5:$D$1004,$O22)="","",INDEX('Activity Planner'!$D$5:$D$1004,$O22))) -> 0 | E22: =IF($O22="","",IF(INDEX('Activity Planner'!$E$5:$E$1004,$O22)="","",INDEX('Activity Planner'!$E$5:$E$1004,$O22))) -> 0 | F22: =IF($O22="","",IF(INDEX('Activity Planner'!$H$5:$H$1004,$O22)="","",INDEX('Activity Planner'!$H$5:$H$1004,$O22))) -> 0 | G22: =IF($O22="","",IF(INDEX('Activity Planner'!$I$5:$I$1004,$O22)="","",INDEX('Activity Planner'!$I$5:$I$1004,$O22))) -> 0 | H22: =IF($O22="","",IF(INDEX('Activity Planner'!$J$5:$J$1004,$O22)="","",INDEX('Activity Planner'!$J$5:$J$1004,$O22))) -> 0 | O22: =IFERROR(MATCH(SMALL(Calc!$R$5:$R$1004,2),Calc!$R$5:$R$1004,0),"") -> 0
A23: =IF($O23="","",IF(INDEX('Activity Planner'!$B$5:$B$1004,$O23)="","",INDEX('Activity Planner'!$B$5:$B$1004,$O23))) -> 0 | B23: =IF($O23="","",IF(INDEX('Activity Planner'!$F$5:$F$1004,$O23)="","",INDEX('Activity Planner'!$F$5:$F$1004,$O23))) -> 0 | C23: =IF($O23="","",IF(INDEX('Activity Planner'!$G$5:$G$1004,$O23)="","",INDEX('Activity Planner'!$G$5:$G$1004,$O23))) -> 0 | D23: =IF($O23="","",IF(INDEX('Activity Planner'!$D$5:$D$1004,$O23)="","",INDEX('Activity Planner'!$D$5:$D$1004,$O23))) -> 0 | E23: =IF($O23="","",IF(INDEX('Activity Planner'!$E$5:$E$1004,$O23)="","",INDEX('Activity Planner'!$E$5:$E$1004,$O23))) -> 0 | F23: =IF($O23="","",IF(INDEX('Activity Planner'!$H$5:$H$1004,$O23)="","",INDEX('Activity Planner'!$H$5:$H$1004,$O23))) -> 0 | G23: =IF($O23="","",IF(INDEX('Activity Planner'!$I$5:$I$1004,$O23)="","",INDEX('Activity Planner'!$I$5:$I$1004,$O23))) -> 0 | H23: =IF($O23="","",IF(INDEX('Activity Planner'!$J$5:$J$1004,$O23)="","",INDEX('Activity Planner'!$J$5:$J$1004,$O23))) -> 0 | O23: =IFERROR(MATCH(SMALL(Calc!$R$5:$R$1004,3),Calc!$R$5:$R$1004,0),"") -> 0
A24: =IF($O24="","",IF(INDEX('Activity Planner'!$B$5:$B$1004,$O24)="","",INDEX('Activity Planner'!$B$5:$B$1004,$O24))) -> 0 | B24: =IF($O24="","",IF(INDEX('Activity Planner'!$F$5:$F$1004,$O24)="","",INDEX('Activity Planner'!$F$5:$F$1004,$O24))) -> 0 | C24: =IF($O24="","",IF(INDEX('Activity Planner'!$G$5:$G$1004,$O24)="","",INDEX('Activity Planner'!$G$5:$G$1004,$O24))) -> 0 | D24: =IF($O24="","",IF(INDEX('Activity Planner'!$D$5:$D$1004,$O24)="","",INDEX('Activity Planner'!$D$5:$D$1004,$O24))) -> 0 | E24: =IF($O24="","",IF(INDEX('Activity Planner'!$E$5:$E$1004,$O24)="","",INDEX('Activity Planner'!$E$5:$E$1004,$O24))) -> 0 | F24: =IF($O24="","",IF(INDEX('Activity Planner'!$H$5:$H$1004,$O24)="","",INDEX('Activity Planner'!$H$5:$H$1004,$O24))) -> 0 | G24: =IF($O24="","",IF(INDEX('Activity Planner'!$I$5:$I$1004,$O24)="","",INDEX('Activity Planner'!$I$5:$I$1004,$O24))) -> 0 | H24: =IF($O24="","",IF(INDEX('Activity Planner'!$J$5:$J$1004,$O24)="","",INDEX('Activity Planner'!$J$5:$J$1004,$O24))) -> 0 | O24: =IFERROR(MATCH(SMALL(Calc!$R$5:$R$1004,4),Calc!$R$5:$R$1004,0),"") -> 0
A25: =IF($O25="","",IF(INDEX('Activity Planner'!$B$5:$B$1004,$O25)="","",INDEX('Activity Planner'!$B$5:$B$1004,$O25))) -> 0 | B25: =IF($O25="","",IF(INDEX('Activity Planner'!$F$5:$F$1004,$O25)="","",INDEX('Activity Planner'!$F$5:$F$1004,$O25))) -> 0 | C25: =IF($O25="","",IF(INDEX('Activity Planner'!$G$5:$G$1004,$O25)="","",INDEX('Activity Planner'!$G$5:$G$1004,$O25))) -> 0 | D25: =IF($O25="","",IF(INDEX('Activity Planner'!$D$5:$D$1004,$O25)="","",INDEX('Activity Planner'!$D$5:$D$1004,$O25))) -> 0 | E25: =IF($O25="","",IF(INDEX('Activity Planner'!$E$5:$E$1004,$O25)="","",INDEX('Activity Planner'!$E$5:$E$1004,$O25))) -> 0 | F25: =IF($O25="","",IF(INDEX('Activity Planner'!$H$5:$H$1004,$O25)="","",INDEX('Activity Planner'!$H$5:$H$1004,$O25))) -> 0 | G25: =IF($O25="","",IF(INDEX('Activity Planner'!$I$5:$I$1004,$O25)="","",INDEX('Activity Planner'!$I$5:$I$1004,$O25))) -> 0 | H25: =IF($O25="","",IF(INDEX('Activity Planner'!$J$5:$J$1004,$O25)="","",INDEX('Activity Planner'!$J$5:$J$1004,$O25))) -> 0 | O25: =IFERROR(MATCH(SMALL(Calc!$R$5:$R$1004,5),Calc!$R$5:$R$1004,0),"") -> 0
A26: =IF($O26="","",IF(INDEX('Activity Planner'!$B$5:$B$1004,$O26)="","",INDEX('Activity Planner'!$B$5:$B$1004,$O26))) -> 0 | B26: =IF($O26="","",IF(INDEX('Activity Planner'!$F$5:$F$1004,$O26)="","",INDEX('Activity Planner'!$F$5:$F$1004,$O26))) -> 0 | C26: =IF($O26="","",IF(INDEX('Activity Planner'!$G$5:$G$1004,$O26)="","",INDEX('Activity Planner'!$G$5:$G$1004,$O26))) -> 0 | D26: =IF($O26="","",IF(INDEX('Activity Planner'!$D$5:$D$1004,$O26)="","",INDEX('Activity Planner'!$D$5:$D$1004,$O26))) -> 0 | E26: =IF($O26="","",IF(INDEX('Activity Planner'!$E$5:$E$1004,$O26)="","",INDEX('Activity Planner'!$E$5:$E$1004,$O26))) -> 0 | F26: =IF($O26="","",IF(INDEX('Activity Planner'!$H$5:$H$1004,$O26)="","",INDEX('Activity Planner'!$H$5:$H$1004,$O26))) -> 0 | G26: =IF($O26="","",IF(INDEX('Activity Planner'!$I$5:$I$1004,$O26)="","",INDEX('Activity Planner'!$I$5:$I$1004,$O26))) -> 0 | H26: =IF($O26="","",IF(INDEX('Activity Planner'!$J$5:$J$1004,$O26)="","",INDEX('Activity Planner'!$J$5:$J$1004,$O26))) -> 0 | O26: =IFERROR(MATCH(SMALL(Calc!$R$5:$R$1004,6),Calc!$R$5:$R$1004,0),"") -> 0
A27: =IF($O27="","",IF(INDEX('Activity Planner'!$B$5:$B$1004,$O27)="","",INDEX('Activity Planner'!$B$5:$B$1004,$O27))) -> 0 | B27: =IF($O27="","",IF(INDEX('Activity Planner'!$F$5:$F$1004,$O27)="","",INDEX('Activity Planner'!$F$5:$F$1004,$O27))) -> 0 | C27: =IF($O27="","",IF(INDEX('Activity Planner'!$G$5:$G$1004,$O27)="","",INDEX('Activity Planner'!$G$5:$G$1004,$O27))) -> 0 | D27: =IF($O27="","",IF(INDEX('Activity Planner'!$D$5:$D$1004,$O27)="","",INDEX('Activity Planner'!$D$5:$D$1004,$O27))) -> 0 | E27: =IF($O27="","",IF(INDEX('Activity Planner'!$E$5:$E$1004,$O27)="","",INDEX('Activity Planner'!$E$5:$E$1004,$O27))) -> 0 | F27: =IF($O27="","",IF(INDEX('Activity Planner'!$H$5:$H$1004,$O27)="","",INDEX('Activity Planner'!$H$5:$H$1004,$O27))) -> 0 | G27: =IF($O27="","",IF(INDEX('Activity Planner'!$I$5:$I$1004,$O27)="","",INDEX('Activity Planner'!$I$5:$I$1004,$O27))) -> 0 | H27: =IF($O27="","",IF(INDEX('Activity Planner'!$J$5:$J$1004,$O27)="","",INDEX('Activity Planner'!$J$5:$J$1004,$O27))) -> 0 | O27: =IFERROR(MATCH(SMALL(Calc!$R$5:$R$1004,7),Calc!$R$5:$R$1004,0),"") -> 0
A28: =IF($O28="","",IF(INDEX('Activity Planner'!$B$5:$B$1004,$O28)="","",INDEX('Activity Planner'!$B$5:$B$1004,$O28))) -> 0 | B28: =IF($O28="","",IF(INDEX('Activity Planner'!$F$5:$F$1004,$O28)="","",INDEX('Activity Planner'!$F$5:$F$1004,$O28))) -> 0 | C28: =IF($O28="","",IF(INDEX('Activity Planner'!$G$5:$G$1004,$O28)="","",INDEX('Activity Planner'!$G$5:$G$1004,$O28))) -> 0 | D28: =IF($O28="","",IF(INDEX('Activity Planner'!$D$5:$D$1004,$O28)="","",INDEX('Activity Planner'!$D$5:$D$1004,$O28))) -> 0 | E28: =IF($O28="","",IF(INDEX('Activity Planner'!$E$5:$E$1004,$O28)="","",INDEX('Activity Planner'!$E$5:$E$1004,$O28))) -> 0 | F28: =IF($O28="","",IF(INDEX('Activity Planner'!$H$5:$H$1004,$O28)="","",INDEX('Activity Planner'!$H$5:$H$1004,$O28))) -> 0 | G28: =IF($O28="","",IF(INDEX('Activity Planner'!$I$5:$I$1004,$O28)="","",INDEX('Activity Planner'!$I$5:$I$1004,$O28))) -> 0 | H28: =IF($O28="","",IF(INDEX('Activity Planner'!$J$5:$J$1004,$O28)="","",INDEX('Activity Planner'!$J$5:$J$1004,$O28))) -> 0 | O28: =IFERROR(MATCH(SMALL(Calc!$R$5:$R$1004,8),Calc!$R$5:$R$1004,0),"") -> 0
A29: =IF($O29="","",IF(INDEX('Activity Planner'!$B$5:$B$1004,$O29)="","",INDEX('Activity Planner'!$B$5:$B$1004,$O29))) -> 0 | B29: =IF($O29="","",IF(INDEX('Activity Planner'!$F$5:$F$1004,$O29)="","",INDEX('Activity Planner'!$F$5:$F$1004,$O29))) -> 0 | C29: =IF($O29="","",IF(INDEX('Activity Planner'!$G$5:$G$1004,$O29)="","",INDEX('Activity Planner'!$G$5:$G$1004,$O29))) -> 0 | D29: =IF($O29="","",IF(INDEX('Activity Planner'!$D$5:$D$1004,$O29)="","",INDEX('Activity Planner'!$D$5:$D$1004,$O29))) -> 0 | E29: =IF($O29="","",IF(INDEX('Activity Planner'!$E$5:$E$1004,$O29)="","",INDEX('Activity Planner'!$E$5:$E$1004,$O29))) -> 0 | F29: =IF($O29="","",IF(INDEX('Activity Planner'!$H$5:$H$1004,$O29)="","",INDEX('Activity Planner'!$H$5:$H$1004,$O29))) -> 0 | G29: =IF($O29="","",IF(INDEX('Activity Planner'!$I$5:$I$1004,$O29)="","",INDEX('Activity Planner'!$I$5:$I$1004,$O29))) -> 0 | H29: =IF($O29="","",IF(INDEX('Activity Planner'!$J$5:$J$1004,$O29)="","",INDEX('Activity Planner'!$J$5:$J$1004,$O29))) -> 0 | O29: =IFERROR(MATCH(SMALL(Calc!$R$5:$R$1004,9),Calc!$R$5:$R$1004,0),"") -> 0
A30: =IF($O30="","",IF(INDEX('Activity Planner'!$B$5:$B$1004,$O30)="","",INDEX('Activity Planner'!$B$5:$B$1004,$O30))) -> 0 | B30: =IF($O30="","",IF(INDEX('Activity Planner'!$F$5:$F$1004,$O30)="","",INDEX('Activity Planner'!$F$5:$F$1004,$O30))) -> 0 | C30: =IF($O30="","",IF(INDEX('Activity Planner'!$G$5:$G$1004,$O30)="","",INDEX('Activity Planner'!$G$5:$G$1004,$O30))) -> 0 | D30: =IF($O30="","",IF(INDEX('Activity Planner'!$D$5:$D$1004,$O30)="","",INDEX('Activity Planner'!$D$5:$D$1004,$O30))) -> 0 | E30: =IF($O30="","",IF(INDEX('Activity Planner'!$E$5:$E$1004,$O30)="","",INDEX('Activity Planner'!$E$5:$E$1004,$O30))) -> 0 | F30: =IF($O30="","",IF(INDEX('Activity Planner'!$H$5:$H$1004,$O30)="","",INDEX('Activity Planner'!$H$5:$H$1004,$O30))) -> 0 | G30: =IF($O30="","",IF(INDEX('Activity Planner'!$I$5:$I$1004,$O30)="","",INDEX('Activity Planner'!$I$5:$I$1004,$O30))) -> 0 | H30: =IF($O30="","",IF(INDEX('Activity Planner'!$J$5:$J$1004,$O30)="","",INDEX('Activity Planner'!$J$5:$J$1004,$O30))) -> 0 | O30: =IFERROR(MATCH(SMALL(Calc!$R$5:$R$1004,10),Calc!$R$5:$R$1004,0),"") -> 0
A31: =IF($O31="","",IF(INDEX('Activity Planner'!$B$5:$B$1004,$O31)="","",INDEX('Activity Planner'!$B$5:$B$1004,$O31))) -> 0 | B31: =IF($O31="","",IF(INDEX('Activity Planner'!$F$5:$F$1004,$O31)="","",INDEX('Activity Planner'!$F$5:$F$1004,$O31))) -> 0 | C31: =IF($O31="","",IF(INDEX('Activity Planner'!$G$5:$G$1004,$O31)="","",INDEX('Activity Planner'!$G$5:$G$1004,$O31))) -> 0 | D31: =IF($O31="","",IF(INDEX('Activity Planner'!$D$5:$D$1004,$O31)="","",INDEX('Activity Planner'!$D$5:$D$1004,$O31))) -> 0 | E31: =IF($O31="","",IF(INDEX('Activity Planner'!$E$5:$E$1004,$O31)="","",INDEX('Activity Planner'!$E$5:$E$1004,$O31))) -> 0 | F31: =IF($O31="","",IF(INDEX('Activity Planner'!$H$5:$H$1004,$O31)="","",INDEX('Activity Planner'!$H$5:$H$1004,$O31))) -> 0 | G31: =IF($O31="","",IF(INDEX('Activity Planner'!$I$5:$I$1004,$O31)="","",INDEX('Activity Planner'!$I$5:$I$1004,$O31))) -> 0 | H31: =IF($O31="","",IF(INDEX('Activity Planner'!$J$5:$J$1004,$O31)="","",INDEX('Activity Planner'!$J$5:$J$1004,$O31))) -> 0 | O31: =IFERROR(MATCH(SMALL(Calc!$R$5:$R$1004,11),Calc!$R$5:$R$1004,0),"") -> 0
A32: =IF($O32="","",IF(INDEX('Activity Planner'!$B$5:$B$1004,$O32)="","",INDEX('Activity Planner'!$B$5:$B$1004,$O32))) -> 0 | B32: =IF($O32="","",IF(INDEX('Activity Planner'!$F$5:$F$1004,$O32)="","",INDEX('Activity Planner'!$F$5:$F$1004,$O32))) -> 0 | C32: =IF($O32="","",IF(INDEX('Activity Planner'!$G$5:$G$1004,$O32)="","",INDEX('Activity Planner'!$G$5:$G$1004,$O32))) -> 0 | D32: =IF($O32="","",IF(INDEX('Activity Planner'!$D$5:$D$1004,$O32)="","",INDEX('Activity Planner'!$D$5:$D$1004,$O32))) -> 0 | E32: =IF($O32="","",IF(INDEX('Activity Planner'!$E$5:$E$1004,$O32)="","",INDEX('Activity Planner'!$E$5:$E$1004,$O32))) -> 0 | F32: =IF($O32="","",IF(INDEX('Activity Planner'!$H$5:$H$1004,$O32)="","",INDEX('Activity Planner'!$H$5:$H$1004,$O32))) -> 0 | G32: =IF($O32="","",IF(INDEX('Activity Planner'!$I$5:$I$1004,$O32)="","",INDEX('Activity Planner'!$I$5:$I$1004,$O32))) -> 0 | H32: =IF($O32="","",IF(INDEX('Activity Planner'!$J$5:$J$1004,$O32)="","",INDEX('Activity Planner'!$J$5:$J$1004,$O32))) -> 0 | O32: =IFERROR(MATCH(SMALL(Calc!$R$5:$R$1004,12),Calc!$R$5:$R$1004,0),"") -> 0
A33: =IF($O33="","",IF(INDEX('Activity Planner'!$B$5:$B$1004,$O33)="","",INDEX('Activity Planner'!$B$5:$B$1004,$O33))) -> 0 | B33: =IF($O33="","",IF(INDEX('Activity Planner'!$F$5:$F$1004,$O33)="","",INDEX('Activity Planner'!$F$5:$F$1004,$O33))) -> 0 | C33: =IF($O33="","",IF(INDEX('Activity Planner'!$G$5:$G$1004,$O33)="","",INDEX('Activity Planner'!$G$5:$G$1004,$O33))) -> 0 | D33: =IF($O33="","",IF(INDEX('Activity Planner'!$D$5:$D$1004,$O33)="","",INDEX('Activity Planner'!$D$5:$D$1004,$O33))) -> 0 | E33: =IF($O33="","",IF(INDEX('Activity Planner'!$E$5:$E$1004,$O33)="","",INDEX('Activity Planner'!$E$5:$E$1004,$O33))) -> 0 | F33: =IF($O33="","",IF(INDEX('Activity Planner'!$H$5:$H$1004,$O33)="","",INDEX('Activity Planner'!$H$5:$H$1004,$O33))) -> 0 | G33: =IF($O33="","",IF(INDEX('Activity Planner'!$I$5:$I$1004,$O33)="","",INDEX('Activity Planner'!$I$5:$I$1004,$O33))) -> 0 | H33: =IF($O33="","",IF(INDEX('Activity Planner'!$J$5:$J$1004,$O33)="","",INDEX('Activity Planner'!$J$5:$J$1004,$O33))) -> 0 | O33: =IFERROR(MATCH(SMALL(Calc!$R$5:$R$1004,13),Calc!$R$5:$R$1004,0),"") -> 0
A34: =IF($O34="","",IF(INDEX('Activity Planner'!$B$5:$B$1004,$O34)="","",INDEX('Activity Planner'!$B$5:$B$1004,$O34))) -> 0 | B34: =IF($O34="","",IF(INDEX('Activity Planner'!$F$5:$F$1004,$O34)="","",INDEX('Activity Planner'!$F$5:$F$1004,$O34))) -> 0 | C34: =IF($O34="","",IF(INDEX('Activity Planner'!$G$5:$G$1004,$O34)="","",INDEX('Activity Planner'!$G$5:$G$1004,$O34))) -> 0 | D34: =IF($O34="","",IF(INDEX('Activity Planner'!$D$5:$D$1004,$O34)="","",INDEX('Activity Planner'!$D$5:$D$1004,$O34))) -> 0 | E34: =IF($O34="","",IF(INDEX('Activity Planner'!$E$5:$E$1004,$O34)="","",INDEX('Activity Planner'!$E$5:$E$1004,$O34))) -> 0 | F34: =IF($O34="","",IF(INDEX('Activity Planner'!$H$5:$H$1004,$O34)="","",INDEX('Activity Planner'!$H$5:$H$1004,$O34))) -> 0 | G34: =IF($O34="","",IF(INDEX('Activity Planner'!$I$5:$I$1004,$O34)="","",INDEX('Activity Planner'!$I$5:$I$1004,$O34))) -> 0 | H34: =IF($O34="","",IF(INDEX('Activity Planner'!$J$5:$J$1004,$O34)="","",INDEX('Activity Planner'!$J$5:$J$1004,$O34))) -> 0 | O34: =IFERROR(MATCH(SMALL(Calc!$R$5:$R$1004,14),Calc!$R$5:$R$1004,0),"") -> 0
A35: =IF($O35="","",IF(INDEX('Activity Planner'!$B$5:$B$1004,$O35)="","",INDEX('Activity Planner'!$B$5:$B$1004,$O35))) -> 0 | B35: =IF($O35="","",IF(INDEX('Activity Planner'!$F$5:$F$1004,$O35)="","",INDEX('Activity Planner'!$F$5:$F$1004,$O35))) -> 0 | C35: =IF($O35="","",IF(INDEX('Activity Planner'!$G$5:$G$1004,$O35)="","",INDEX('Activity Planner'!$G$5:$G$1004,$O35))) -> 0 | D35: =IF($O35="","",IF(INDEX('Activity Planner'!$D$5:$D$1004,$O35)="","",INDEX('Activity Planner'!$D$5:$D$1004,$O35))) -> 0 | E35: =IF($O35="","",IF(INDEX('Activity Planner'!$E$5:$E$1004,$O35)="","",INDEX('Activity Planner'!$E$5:$E$1004,$O35))) -> 0 | F35: =IF($O35="","",IF(INDEX('Activity Planner'!$H$5:$H$1004,$O35)="","",INDEX('Activity Planner'!$H$5:$H$1004,$O35))) -> 0 | G35: =IF($O35="","",IF(INDEX('Activity Planner'!$I$5:$I$1004,$O35)="","",INDEX('Activity Planner'!$I$5:$I$1004,$O35))) -> 0 | H35: =IF($O35="","",IF(INDEX('Activity Planner'!$J$5:$J$1004,$O35)="","",INDEX('Activity Planner'!$J$5:$J$1004,$O35))) -> 0 | O35: =IFERROR(MATCH(SMALL(Calc!$R$5:$R$1004,15),Calc!$R$5:$R$1004,0),"") -> 0
A36: =IF($O36="","",IF(INDEX('Activity Planner'!$B$5:$B$1004,$O36)="","",INDEX('Activity Planner'!$B$5:$B$1004,$O36))) -> 0 | B36: =IF($O36="","",IF(INDEX('Activity Planner'!$F$5:$F$1004,$O36)="","",INDEX('Activity Planner'!$F$5:$F$1004,$O36))) -> 0 | C36: =IF($O36="","",IF(INDEX('Activity Planner'!$G$5:$G$1004,$O36)="","",INDEX('Activity Planner'!$G$5:$G$1004,$O36))) -> 0 | D36: =IF($O36="","",IF(INDEX('Activity Planner'!$D$5:$D$1004,$O36)="","",INDEX('Activity Planner'!$D$5:$D$1004,$O36))) -> 0 | E36: =IF($O36="","",IF(INDEX('Activity Planner'!$E$5:$E$1004,$O36)="","",INDEX('Activity Planner'!$E$5:$E$1004,$O36))) -> 0 | F36: =IF($O36="","",IF(INDEX('Activity Planner'!$H$5:$H$1004,$O36)="","",INDEX('Activity Planner'!$H$5:$H$1004,$O36))) -> 0 | G36: =IF($O36="","",IF(INDEX('Activity Planner'!$I$5:$I$1004,$O36)="","",INDEX('Activity Planner'!$I$5:$I$1004,$O36))) -> 0 | H36: =IF($O36="","",IF(INDEX('Activity Planner'!$J$5:$J$1004,$O36)="","",INDEX('Activity Planner'!$J$5:$J$1004,$O36))) -> 0 | O36: =IFERROR(MATCH(SMALL(Calc!$R$5:$R$1004,16),Calc!$R$5:$R$1004,0),"") -> 0
A37: =IF($O37="","",IF(INDEX('Activity Planner'!$B$5:$B$1004,$O37)="","",INDEX('Activity Planner'!$B$5:$B$1004,$O37))) -> 0 | B37: =IF($O37="","",IF(INDEX('Activity Planner'!$F$5:$F$1004,$O37)="","",INDEX('Activity Planner'!$F$5:$F$1004,$O37))) -> 0 | C37: =IF($O37="","",IF(INDEX('Activity Planner'!$G$5:$G$1004,$O37)="","",INDEX('Activity Planner'!$G$5:$G$1004,$O37))) -> 0 | D37: =IF($O37="","",IF(INDEX('Activity Planner'!$D$5:$D$1004,$O37)="","",INDEX('Activity Planner'!$D$5:$D$1004,$O37))) -> 0 | E37: =IF($O37="","",IF(INDEX('Activity Planner'!$E$5:$E$1004,$O37)="","",INDEX('Activity Planner'!$E$5:$E$1004,$O37))) -> 0 | F37: =IF($O37="","",IF(INDEX('Activity Planner'!$H$5:$H$1004,$O37)="","",INDEX('Activity Planner'!$H$5:$H$1004,$O37))) -> 0 | G37: =IF($O37="","",IF(INDEX('Activity Planner'!$I$5:$I$1004,$O37)="","",INDEX('Activity Planner'!$I$5:$I$1004,$O37))) -> 0 | H37: =IF($O37="","",IF(INDEX('Activity Planner'!$J$5:$J$1004,$O37)="","",INDEX('Activity Planner'!$J$5:$J$1004,$O37))) -> 0 | O37: =IFERROR(MATCH(SMALL(Calc!$R$5:$R$1004,17),Calc!$R$5:$R$1004,0),"") -> 0
A38: =IF($O38="","",IF(INDEX('Activity Planner'!$B$5:$B$1004,$O38)="","",INDEX('Activity Planner'!$B$5:$B$1004,$O38))) -> 0 | B38: =IF($O38="","",IF(INDEX('Activity Planner'!$F$5:$F$1004,$O38)="","",INDEX('Activity Planner'!$F$5:$F$1004,$O38))) -> 0 | C38: =IF($O38="","",IF(INDEX('Activity Planner'!$G$5:$G$1004,$O38)="","",INDEX('Activity Planner'!$G$5:$G$1004,$O38))) -> 0 | D38: =IF($O38="","",IF(INDEX('Activity Planner'!$D$5:$D$1004,$O38)="","",INDEX('Activity Planner'!$D$5:$D$1004,$O38))) -> 0 | E38: =IF($O38="","",IF(INDEX('Activity Planner'!$E$5:$E$1004,$O38)="","",INDEX('Activity Planner'!$E$5:$E$1004,$O38))) -> 0 | F38: =IF($O38="","",IF(INDEX('Activity Planner'!$H$5:$H$1004,$O38)="","",INDEX('Activity Planner'!$H$5:$H$1004,$O38))) -> 0 | G38: =IF($O38="","",IF(INDEX('Activity Planner'!$I$5:$I$1004,$O38)="","",INDEX('Activity Planner'!$I$5:$I$1004,$O38))) -> 0 | H38: =IF($O38="","",IF(INDEX('Activity Planner'!$J$5:$J$1004,$O38)="","",INDEX('Activity Planner'!$J$5:$J$1004,$O38))) -> 0 | O38: =IFERROR(MATCH(SMALL(Calc!$R$5:$R$1004,18),Calc!$R$5:$R$1004,0),"") -> 0
A39: =IF($O39="","",IF(INDEX('Activity Planner'!$B$5:$B$1004,$O39)="","",INDEX('Activity Planner'!$B$5:$B$1004,$O39))) -> 0 | B39: =IF($O39="","",IF(INDEX('Activity Planner'!$F$5:$F$1004,$O39)="","",INDEX('Activity Planner'!$F$5:$F$1004,$O39))) -> 0 | C39: =IF($O39="","",IF(INDEX('Activity Planner'!$G$5:$G$1004,$O39)="","",INDEX('Activity Planner'!$G$5:$G$1004,$O39))) -> 0 | D39: =IF($O39="","",IF(INDEX('Activity Planner'!$D$5:$D$1004,$O39)="","",INDEX('Activity Planner'!$D$5:$D$1004,$O39))) -> 0 | E39: =IF($O39="","",IF(INDEX('Activity Planner'!$E$5:$E$1004,$O39)="","",INDEX('Activity Planner'!$E$5:$E$1004,$O39))) -> 0 | F39: =IF($O39="","",IF(INDEX('Activity Planner'!$H$5:$H$1004,$O39)="","",INDEX('Activity Planner'!$H$5:$H$1004,$O39))) -> 0 | G39: =IF($O39="","",IF(INDEX('Activity Planner'!$I$5:$I$1004,$O39)="","",INDEX('Activity Planner'!$I$5:$I$1004,$O39))) -> 0 | H39: =IF($O39="","",IF(INDEX('Activity Planner'!$J$5:$J$1004,$O39)="","",INDEX('Activity Planner'!$J$5:$J$1004,$O39))) -> 0 | O39: =IFERROR(MATCH(SMALL(Calc!$R$5:$R$1004,19),Calc!$R$5:$R$1004,0),"") -> 0
A40: =IF($O40="","",IF(INDEX('Activity Planner'!$B$5:$B$1004,$O40)="","",INDEX('Activity Planner'!$B$5:$B$1004,$O40))) -> 0 | B40: =IF($O40="","",IF(INDEX('Activity Planner'!$F$5:$F$1004,$O40)="","",INDEX('Activity Planner'!$F$5:$F$1004,$O40))) -> 0 | C40: =IF($O40="","",IF(INDEX('Activity Planner'!$G$5:$G$1004,$O40)="","",INDEX('Activity Planner'!$G$5:$G$1004,$O40))) -> 0 | D40: =IF($O40="","",IF(INDEX('Activity Planner'!$D$5:$D$1004,$O40)="","",INDEX('Activity Planner'!$D$5:$D$1004,$O40))) -> 0 | E40: =IF($O40="","",IF(INDEX('Activity Planner'!$E$5:$E$1004,$O40)="","",INDEX('Activity Planner'!$E$5:$E$1004,$O40))) -> 0 | F40: =IF($O40="","",IF(INDEX('Activity Planner'!$H$5:$H$1004,$O40)="","",INDEX('Activity Planner'!$H$5:$H$1004,$O40))) -> 0 | G40: =IF($O40="","",IF(INDEX('Activity Planner'!$I$5:$I$1004,$O40)="","",INDEX('Activity Planner'!$I$5:$I$1004,$O40))) -> 0 | H40: =IF($O40="","",IF(INDEX('Activity Planner'!$J$5:$J$1004,$O40)="","",INDEX('Activity Planner'!$J$5:$J$1004,$O40))) -> 0 | O40: =IFERROR(MATCH(SMALL(Calc!$R$5:$R$1004,20),Calc!$R$5:$R$1004,0),"") -> 0
A41: =IF($O41="","",IF(INDEX('Activity Planner'!$B$5:$B$1004,$O41)="","",INDEX('Activity Planner'!$B$5:$B$1004,$O41))) -> 0 | B41: =IF($O41="","",IF(INDEX('Activity Planner'!$F$5:$F$1004,$O41)="","",INDEX('Activity Planner'!$F$5:$F$1004,$O41))) -> 0 | C41: =IF($O41="","",IF(INDEX('Activity Planner'!$G$5:$G$1004,$O41)="","",INDEX('Activity Planner'!$G$5:$G$1004,$O41))) -> 0 | D41: =IF($O41="","",IF(INDEX('Activity Planner'!$D$5:$D$1004,$O41)="","",INDEX('Activity Planner'!$D$5:$D$1004,$O41))) -> 0 | E41: =IF($O41="","",IF(INDEX('Activity Planner'!$E$5:$E$1004,$O41)="","",INDEX('Activity Planner'!$E$5:$E$1004,$O41))) -> 0 | F41: =IF($O41="","",IF(INDEX('Activity Planner'!$H$5:$H$1004,$O41)="","",INDEX('Activity Planner'!$H$5:$H$1004,$O41))) -> 0 | G41: =IF($O41="","",IF(INDEX('Activity Planner'!$I$5:$I$1004,$O41)="","",INDEX('Activity Planner'!$I$5:$I$1004,$O41))) -> 0 | H41: =IF($O41="","",IF(INDEX('Activity Planner'!$J$5:$J$1004,$O41)="","",INDEX('Activity Planner'!$J$5:$J$1004,$O41))) -> 0 | O41: =IFERROR(MATCH(SMALL(Calc!$R$5:$R$1004,21),Calc!$R$5:$R$1004,0),"") -> 0
A42: =IF($O42="","",IF(INDEX('Activity Planner'!$B$5:$B$1004,$O42)="","",INDEX('Activity Planner'!$B$5:$B$1004,$O42))) -> 0 | B42: =IF($O42="","",IF(INDEX('Activity Planner'!$F$5:$F$1004,$O42)="","",INDEX('Activity Planner'!$F$5:$F$1004,$O42))) -> 0 | C42: =IF($O42="","",IF(INDEX('Activity Planner'!$G$5:$G$1004,$O42)="","",INDEX('Activity Planner'!$G$5:$G$1004,$O42))) -> 0 | D42: =IF($O42="","",IF(INDEX('Activity Planner'!$D$5:$D$1004,$O42)="","",INDEX('Activity Planner'!$D$5:$D$1004,$O42))) -> 0 | E42: =IF($O42="","",IF(INDEX('Activity Planner'!$E$5:$E$1004,$O42)="","",INDEX('Activity Planner'!$E$5:$E$1004,$O42))) -> 0 | F42: =IF($O42="","",IF(INDEX('Activity Planner'!$H$5:$H$1004,$O42)="","",INDEX('Activity Planner'!$H$5:$H$1004,$O42))) -> 0 | G42: =IF($O42="","",IF(INDEX('Activity Planner'!$I$5:$I$1004,$O42)="","",INDEX('Activity Planner'!$I$5:$I$1004,$O42))) -> 0 | H42: =IF($O42="","",IF(INDEX('Activity Planner'!$J$5:$J$1004,$O42)="","",INDEX('Activity Planner'!$J$5:$J$1004,$O42))) -> 0 | O42: =IFERROR(MATCH(SMALL(Calc!$R$5:$R$1004,22),Calc!$R$5:$R$1004,0),"") -> 0
A43: =IF($O43="","",IF(INDEX('Activity Planner'!$B$5:$B$1004,$O43)="","",INDEX('Activity Planner'!$B$5:$B$1004,$O43))) -> 0 | B43: =IF($O43="","",IF(INDEX('Activity Planner'!$F$5:$F$1004,$O43)="","",INDEX('Activity Planner'!$F$5:$F$1004,$O43))) -> 0 | C43: =IF($O43="","",IF(INDEX('Activity Planner'!$G$5:$G$1004,$O43)="","",INDEX('Activity Planner'!$G$5:$G$1004,$O43))) -> 0 | D43: =IF($O43="","",IF(INDEX('Activity Planner'!$D$5:$D$1004,$O43)="","",INDEX('Activity Planner'!$D$5:$D$1004,$O43))) -> 0 | E43: =IF($O43="","",IF(INDEX('Activity Planner'!$E$5:$E$1004,$O43)="","",INDEX('Activity Planner'!$E$5:$E$1004,$O43))) -> 0 | F43: =IF($O43="","",IF(INDEX('Activity Planner'!$H$5:$H$1004,$O43)="","",INDEX('Activity Planner'!$H$5:$H$1004,$O43))) -> 0 | G43: =IF($O43="","",IF(INDEX('Activity Planner'!$I$5:$I$1004,$O43)="","",INDEX('Activity Planner'!$I$5:$I$1004,$O43))) -> 0 | H43: =IF($O43="","",IF(INDEX('Activity Planner'!$J$5:$J$1004,$O43)="","",INDEX('Activity Planner'!$J$5:$J$1004,$O43))) -> 0 | O43: =IFERROR(MATCH(SMALL(Calc!$R$5:$R$1004,23),Calc!$R$5:$R$1004,0),"") -> 0
A44: =IF($O44="","",IF(INDEX('Activity Planner'!$B$5:$B$1004,$O44)="","",INDEX('Activity Planner'!$B$5:$B$1004,$O44))) -> 0 | B44: =IF($O44="","",IF(INDEX('Activity Planner'!$F$5:$F$1004,$O44)="","",INDEX('Activity Planner'!$F$5:$F$1004,$O44))) -> 0 | C44: =IF($O44="","",IF(INDEX('Activity Planner'!$G$5:$G$1004,$O44)="","",INDEX('Activity Planner'!$G$5:$G$1004,$O44))) -> 0 | D44: =IF($O44="","",IF(INDEX('Activity Planner'!$D$5:$D$1004,$O44)="","",INDEX('Activity Planner'!$D$5:$D$1004,$O44))) -> 0 | E44: =IF($O44="","",IF(INDEX('Activity Planner'!$E$5:$E$1004,$O44)="","",INDEX('Activity Planner'!$E$5:$E$1004,$O44))) -> 0 | F44: =IF($O44="","",IF(INDEX('Activity Planner'!$H$5:$H$1004,$O44)="","",INDEX('Activity Planner'!$H$5:$H$1004,$O44))) -> 0 | G44: =IF($O44="","",IF(INDEX('Activity Planner'!$I$5:$I$1004,$O44)="","",INDEX('Activity Planner'!$I$5:$I$1004,$O44))) -> 0 | H44: =IF($O44="","",IF(INDEX('Activity Planner'!$J$5:$J$1004,$O44)="","",INDEX('Activity Planner'!$J$5:$J$1004,$O44))) -> 0 | O44: =IFERROR(MATCH(SMALL(Calc!$R$5:$R$1004,24),Calc!$R$5:$R$1004,0),"") -> 0
A45: =IF($O45="","",IF(INDEX('Activity Planner'!$B$5:$B$1004,$O45)="","",INDEX('Activity Planner'!$B$5:$B$1004,$O45))) -> 0 | B45: =IF($O45="","",IF(INDEX('Activity Planner'!$F$5:$F$1004,$O45)="","",INDEX('Activity Planner'!$F$5:$F$1004,$O45))) -> 0 | C45: =IF($O45="","",IF(INDEX('Activity Planner'!$G$5:$G$1004,$O45)="","",INDEX('Activity Planner'!$G$5:$G$1004,$O45))) -> 0 | D45: =IF($O45="","",IF(INDEX('Activity Planner'!$D$5:$D$1004,$O45)="","",INDEX('Activity Planner'!$D$5:$D$1004,$O45))) -> 0 | E45: =IF($O45="","",IF(INDEX('Activity Planner'!$E$5:$E$1004,$O45)="","",INDEX('Activity Planner'!$E$5:$E$1004,$O45))) -> 0 | F45: =IF($O45="","",IF(INDEX('Activity Planner'!$H$5:$H$1004,$O45)="","",INDEX('Activity Planner'!$H$5:$H$1004,$O45))) -> 0 | G45: =IF($O45="","",IF(INDEX('Activity Planner'!$I$5:$I$1004,$O45)="","",INDEX('Activity Planner'!$I$5:$I$1004,$O45))) -> 0 | H45: =IF($O45="","",IF(INDEX('Activity Planner'!$J$5:$J$1004,$O45)="","",INDEX('Activity Planner'!$J$5:$J$1004,$O45))) -> 0 | O45: =IFERROR(MATCH(SMALL(Calc!$R$5:$R$1004,25),Calc!$R$5:$R$1004,0),"") -> 0
A46: =IF($O46="","",IF(INDEX('Activity Planner'!$B$5:$B$1004,$O46)="","",INDEX('Activity Planner'!$B$5:$B$1004,$O46))) -> 0 | B46: =IF($O46="","",IF(INDEX('Activity Planner'!$F$5:$F$1004,$O46)="","",INDEX('Activity Planner'!$F$5:$F$1004,$O46))) -> 0 | C46: =IF($O46="","",IF(INDEX('Activity Planner'!$G$5:$G$1004,$O46)="","",INDEX('Activity Planner'!$G$5:$G$1004,$O46))) -> 0 | D46: =IF($O46="","",IF(INDEX('Activity Planner'!$D$5:$D$1004,$O46)="","",INDEX('Activity Planner'!$D$5:$D$1004,$O46))) -> 0 | E46: =IF($O46="","",IF(INDEX('Activity Planner'!$E$5:$E$1004,$O46)="","",INDEX('Activity Planner'!$E$5:$E$1004,$O46))) -> 0 | F46: =IF($O46="","",IF(INDEX('Activity Planner'!$H$5:$H$1004,$O46)="","",INDEX('Activity Planner'!$H$5:$H$1004,$O46))) -> 0 | G46: =IF($O46="","",IF(INDEX('Activity Planner'!$I$5:$I$1004,$O46)="","",INDEX('Activity Planner'!$I$5:$I$1004,$O46))) -> 0 | H46: =IF($O46="","",IF(INDEX('Activity Planner'!$J$5:$J$1004,$O46)="","",INDEX('Activity Planner'!$J$5:$J$1004,$O46))) -> 0 | O46: =IFERROR(MATCH(SMALL(Calc!$R$5:$R$1004,26),Calc!$R$5:$R$1004,0),"") -> 0
A47: =IF($O47="","",IF(INDEX('Activity Planner'!$B$5:$B$1004,$O47)="","",INDEX('Activity Planner'!$B$5:$B$1004,$O47))) -> 0 | B47: =IF($O47="","",IF(INDEX('Activity Planner'!$F$5:$F$1004,$O47)="","",INDEX('Activity Planner'!$F$5:$F$1004,$O47))) -> 0 | C47: =IF($O47="","",IF(INDEX('Activity Planner'!$G$5:$G$1004,$O47)="","",INDEX('Activity Planner'!$G$5:$G$1004,$O47))) -> 0 | D47: =IF($O47="","",IF(INDEX('Activity Planner'!$D$5:$D$1004,$O47)="","",INDEX('Activity Planner'!$D$5:$D$1004,$O47))) -> 0 | E47: =IF($O47="","",IF(INDEX('Activity Planner'!$E$5:$E$1004,$O47)="","",INDEX('Activity Planner'!$E$5:$E$1004,$O47))) -> 0 | F47: =IF($O47="","",IF(INDEX('Activity Planner'!$H$5:$H$1004,$O47)="","",INDEX('Activity Planner'!$H$5:$H$1004,$O47))) -> 0 | G47: =IF($O47="","",IF(INDEX('Activity Planner'!$I$5:$I$1004,$O47)="","",INDEX('Activity Planner'!$I$5:$I$1004,$O47))) -> 0 | H47: =IF($O47="","",IF(INDEX('Activity Planner'!$J$5:$J$1004,$O47)="","",INDEX('Activity Planner'!$J$5:$J$1004,$O47))) -> 0 | O47: =IFERROR(MATCH(SMALL(Calc!$R$5:$R$1004,27),Calc!$R$5:$R$1004,0),"") -> 0
A48: =IF($O48="","",IF(INDEX('Activity Planner'!$B$5:$B$1004,$O48)="","",INDEX('Activity Planner'!$B$5:$B$1004,$O48))) -> 0 | B48: =IF($O48="","",IF(INDEX('Activity Planner'!$F$5:$F$1004,$O48)="","",INDEX('Activity Planner'!$F$5:$F$1004,$O48))) -> 0 | C48: =IF($O48="","",IF(INDEX('Activity Planner'!$G$5:$G$1004,$O48)="","",INDEX('Activity Planner'!$G$5:$G$1004,$O48))) -> 0 | D48: =IF($O48="","",IF(INDEX('Activity Planner'!$D$5:$D$1004,$O48)="","",INDEX('Activity Planner'!$D$5:$D$1004,$O48))) -> 0 | E48: =IF($O48="","",IF(INDEX('Activity Planner'!$E$5:$E$1004,$O48)="","",INDEX('Activity Planner'!$E$5:$E$1004,$O48))) -> 0 | F48: =IF($O48="","",IF(INDEX('Activity Planner'!$H$5:$H$1004,$O48)="","",INDEX('Activity Planner'!$H$5:$H$1004,$O48))) -> 0 | G48: =IF($O48="","",IF(INDEX('Activity Planner'!$I$5:$I$1004,$O48)="","",INDEX('Activity Planner'!$I$5:$I$1004,$O48))) -> 0 | H48: =IF($O48="","",IF(INDEX('Activity Planner'!$J$5:$J$1004,$O48)="","",INDEX('Activity Planner'!$J$5:$J$1004,$O48))) -> 0 | O48: =IFERROR(MATCH(SMALL(Calc!$R$5:$R$1004,28),Calc!$R$5:$R$1004,0),"") -> 0
A49: =IF($O49="","",IF(INDEX('Activity Planner'!$B$5:$B$1004,$O49)="","",INDEX('Activity Planner'!$B$5:$B$1004,$O49))) -> 0 | B49: =IF($O49="","",IF(INDEX('Activity Planner'!$F$5:$F$1004,$O49)="","",INDEX('Activity Planner'!$F$5:$F$1004,$O49))) -> 0 | C49: =IF($O49="","",IF(INDEX('Activity Planner'!$G$5:$G$1004,$O49)="","",INDEX('Activity Planner'!$G$5:$G$1004,$O49))) -> 0 | D49: =IF($O49="","",IF(INDEX('Activity Planner'!$D$5:$D$1004,$O49)="","",INDEX('Activity Planner'!$D$5:$D$1004,$O49))) -> 0 | E49: =IF($O49="","",IF(INDEX('Activity Planner'!$E$5:$E$1004,$O49)="","",INDEX('Activity Planner'!$E$5:$E$1004,$O49))) -> 0 | F49: =IF($O49="","",IF(INDEX('Activity Planner'!$H$5:$H$1004,$O49)="","",INDEX('Activity Planner'!$H$5:$H$1004,$O49))) -> 0 | G49: =IF($O49="","",IF(INDEX('Activity Planner'!$I$5:$I$1004,$O49)="","",INDEX('Activity Planner'!$I$5:$I$1004,$O49))) -> 0 | H49: =IF($O49="","",IF(INDEX('Activity Planner'!$J$5:$J$1004,$O49)="","",INDEX('Activity Planner'!$J$5:$J$1004,$O49))) -> 0 | O49: =IFERROR(MATCH(SMALL(Calc!$R$5:$R$1004,29),Calc!$R$5:$R$1004,0),"") -> 0
A50: =IF($O50="","",IF(INDEX('Activity Planner'!$B$5:$B$1004,$O50)="","",INDEX('Activity Planner'!$B$5:$B$1004,$O50))) -> 0 | B50: =IF($O50="","",IF(INDEX('Activity Planner'!$F$5:$F$1004,$O50)="","",INDEX('Activity Planner'!$F$5:$F$1004,$O50))) -> 0 | C50: =IF($O50="","",IF(INDEX('Activity Planner'!$G$5:$G$1004,$O50)="","",INDEX('Activity Planner'!$G$5:$G$1004,$O50))) -> 0 | D50: =IF($O50="","",IF(INDEX('Activity Planner'!$D$5:$D$1004,$O50)="","",INDEX('Activity Planner'!$D$5:$D$1004,$O50))) -> 0 | E50: =IF($O50="","",IF(INDEX('Activity Planner'!$E$5:$E$1004,$O50)="","",INDEX('Activity Planner'!$E$5:$E$1004,$O50))) -> 0 | F50: =IF($O50="","",IF(INDEX('Activity Planner'!$H$5:$H$1004,$O50)="","",INDEX('Activity Planner'!$H$5:$H$1004,$O50))) -> 0 | G50: =IF($O50="","",IF(INDEX('Activity Planner'!$I$5:$I$1004,$O50)="","",INDEX('Activity Planner'!$I$5:$I$1004,$O50))) -> 0 | H50: =IF($O50="","",IF(INDEX('Activity Planner'!$J$5:$J$1004,$O50)="","",INDEX('Activity Planner'!$J$5:$J$1004,$O50))) -> 0 | O50: =IFERROR(MATCH(SMALL(Calc!$R$5:$R$1004,30),Calc!$R$5:$R$1004,0),"") -> 0
A51: =IF($O51="","",IF(INDEX('Activity Planner'!$B$5:$B$1004,$O51)="","",INDEX('Activity Planner'!$B$5:$B$1004,$O51))) -> 0 | B51: =IF($O51="","",IF(INDEX('Activity Planner'!$F$5:$F$1004,$O51)="","",INDEX('Activity Planner'!$F$5:$F$1004,$O51))) -> 0 | C51: =IF($O51="","",IF(INDEX('Activity Planner'!$G$5:$G$1004,$O51)="","",INDEX('Activity Planner'!$G$5:$G$1004,$O51))) -> 0 | D51: =IF($O51="","",IF(INDEX('Activity Planner'!$D$5:$D$1004,$O51)="","",INDEX('Activity Planner'!$D$5:$D$1004,$O51))) -> 0 | E51: =IF($O51="","",IF(INDEX('Activity Planner'!$E$5:$E$1004,$O51)="","",INDEX('Activity Planner'!$E$5:$E$1004,$O51))) -> 0 | F51: =IF($O51="","",IF(INDEX('Activity Planner'!$H$5:$H$1004,$O51)="","",INDEX('Activity Planner'!$H$5:$H$1004,$O51))) -> 0 | G51: =IF($O51="","",IF(INDEX('Activity Planner'!$I$5:$I$1004,$O51)="","",INDEX('Activity Planner'!$I$5:$I$1004,$O51))) -> 0 | H51: =IF($O51="","",IF(INDEX('Activity Planner'!$J$5:$J$1004,$O51)="","",INDEX('Activity Planner'!$J$5:$J$1004,$O51))) -> 0 | O51: =IFERROR(MATCH(SMALL(Calc!$R$5:$R$1004,31),Calc!$R$5:$R$1004,0),"") -> 0
A52: =IF($O52="","",IF(INDEX('Activity Planner'!$B$5:$B$1004,$O52)="","",INDEX('Activity Planner'!$B$5:$B$1004,$O52))) -> 0 | B52: =IF($O52="","",IF(INDEX('Activity Planner'!$F$5:$F$1004,$O52)="","",INDEX('Activity Planner'!$F$5:$F$1004,$O52))) -> 0 | C52: =IF($O52="","",IF(INDEX('Activity Planner'!$G$5:$G$1004,$O52)="","",INDEX('Activity Planner'!$G$5:$G$1004,$O52))) -> 0 | D52: =IF($O52="","",IF(INDEX('Activity Planner'!$D$5:$D$1004,$O52)="","",INDEX('Activity Planner'!$D$5:$D$1004,$O52))) -> 0 | E52: =IF($O52="","",IF(INDEX('Activity Planner'!$E$5:$E$1004,$O52)="","",INDEX('Activity Planner'!$E$5:$E$1004,$O52))) -> 0 | F52: =IF($O52="","",IF(INDEX('Activity Planner'!$H$5:$H$1004,$O52)="","",INDEX('Activity Planner'!$H$5:$H$1004,$O52))) -> 0 | G52: =IF($O52="","",IF(INDEX('Activity Planner'!$I$5:$I$1004,$O52)="","",INDEX('Activity Planner'!$I$5:$I$1004,$O52))) -> 0 | H52: =IF($O52="","",IF(INDEX('Activity Planner'!$J$5:$J$1004,$O52)="","",INDEX('Activity Planner'!$J$5:$J$1004,$O52))) -> 0 | O52: =IFERROR(MATCH(SMALL(Calc!$R$5:$R$1004,32),Calc!$R$5:$R$1004,0),"") -> 0
A53: =IF($O53="","",IF(INDEX('Activity Planner'!$B$5:$B$1004,$O53)="","",INDEX('Activity Planner'!$B$5:$B$1004,$O53))) -> 0 | B53: =IF($O53="","",IF(INDEX('Activity Planner'!$F$5:$F$1004,$O53)="","",INDEX('Activity Planner'!$F$5:$F$1004,$O53))) -> 0 | C53: =IF($O53="","",IF(INDEX('Activity Planner'!$G$5:$G$1004,$O53)="","",INDEX('Activity Planner'!$G$5:$G$1004,$O53))) -> 0 | D53: =IF($O53="","",IF(INDEX('Activity Planner'!$D$5:$D$1004,$O53)="","",INDEX('Activity Planner'!$D$5:$D$1004,$O53))) -> 0 | E53: =IF($O53="","",IF(INDEX('Activity Planner'!$E$5:$E$1004,$O53)="","",INDEX('Activity Planner'!$E$5:$E$1004,$O53))) -> 0 | F53: =IF($O53="","",IF(INDEX('Activity Planner'!$H$5:$H$1004,$O53)="","",INDEX('Activity Planner'!$H$5:$H$1004,$O53))) -> 0 | G53: =IF($O53="","",IF(INDEX('Activity Planner'!$I$5:$I$1004,$O53)="","",INDEX('Activity Planner'!$I$5:$I$1004,$O53))) -> 0 | H53: =IF($O53="","",IF(INDEX('Activity Planner'!$J$5:$J$1004,$O53)="","",INDEX('Activity Planner'!$J$5:$J$1004,$O53))) -> 0 | O53: =IFERROR(MATCH(SMALL(Calc!$R$5:$R$1004,33),Calc!$R$5:$R$1004,0),"") -> 0
A54: =IF($O54="","",IF(INDEX('Activity Planner'!$B$5:$B$1004,$O54)="","",INDEX('Activity Planner'!$B$5:$B$1004,$O54))) -> 0 | B54: =IF($O54="","",IF(INDEX('Activity Planner'!$F$5:$F$1004,$O54)="","",INDEX('Activity Planner'!$F$5:$F$1004,$O54))) -> 0 | C54: =IF($O54="","",IF(INDEX('Activity Planner'!$G$5:$G$1004,$O54)="","",INDEX('Activity Planner'!$G$5:$G$1004,$O54))) -> 0 | D54: =IF($O54="","",IF(INDEX('Activity Planner'!$D$5:$D$1004,$O54)="","",INDEX('Activity Planner'!$D$5:$D$1004,$O54))) -> 0 | E54: =IF($O54="","",IF(INDEX('Activity Planner'!$E$5:$E$1004,$O54)="","",INDEX('Activity Planner'!$E$5:$E$1004,$O54))) -> 0 | F54: =IF($O54="","",IF(INDEX('Activity Planner'!$H$5:$H$1004,$O54)="","",INDEX('Activity Planner'!$H$5:$H$1004,$O54))) -> 0 | G54: =IF($O54="","",IF(INDEX('Activity Planner'!$I$5:$I$1004,$O54)="","",INDEX('Activity Planner'!$I$5:$I$1004,$O54))) -> 0 | H54: =IF($O54="","",IF(INDEX('Activity Planner'!$J$5:$J$1004,$O54)="","",INDEX('Activity Planner'!$J$5:$J$1004,$O54))) -> 0 | O54: =IFERROR(MATCH(SMALL(Calc!$R$5:$R$1004,34),Calc!$R$5:$R$1004,0),"") -> 0
A55: =IF($O55="","",IF(INDEX('Activity Planner'!$B$5:$B$1004,$O55)="","",INDEX('Activity Planner'!$B$5:$B$1004,$O55))) -> 0 | B55: =IF($O55="","",IF(INDEX('Activity Planner'!$F$5:$F$1004,$O55)="","",INDEX('Activity Planner'!$F$5:$F$1004,$O55))) -> 0 | C55: =IF($O55="","",IF(INDEX('Activity Planner'!$G$5:$G$1004,$O55)="","",INDEX('Activity Planner'!$G$5:$G$1004,$O55))) -> 0 | D55: =IF($O55="","",IF(INDEX('Activity Planner'!$D$5:$D$1004,$O55)="","",INDEX('Activity Planner'!$D$5:$D$1004,$O55))) -> 0 | E55: =IF($O55="","",IF(INDEX('Activity Planner'!$E$5:$E$1004,$O55)="","",INDEX('Activity Planner'!$E$5:$E$1004,$O55))) -> 0 | F55: =IF($O55="","",IF(INDEX('Activity Planner'!$H$5:$H$1004,$O55)="","",INDEX('Activity Planner'!$H$5:$H$1004,$O55))) -> 0 | G55: =IF($O55="","",IF(INDEX('Activity Planner'!$I$5:$I$1004,$O55)="","",INDEX('Activity Planner'!$I$5:$I$1004,$O55))) -> 0 | H55: =IF($O55="","",IF(INDEX('Activity Planner'!$J$5:$J$1004,$O55)="","",INDEX('Activity Planner'!$J$5:$J$1004,$O55))) -> 0 | O55: =IFERROR(MATCH(SMALL(Calc!$R$5:$R$1004,35),Calc!$R$5:$R$1004,0),"") -> 0
A56: =IF($O56="","",IF(INDEX('Activity Planner'!$B$5:$B$1004,$O56)="","",INDEX('Activity Planner'!$B$5:$B$1004,$O56))) -> 0 | B56: =IF($O56="","",IF(INDEX('Activity Planner'!$F$5:$F$1004,$O56)="","",INDEX('Activity Planner'!$F$5:$F$1004,$O56))) -> 0 | C56: =IF($O56="","",IF(INDEX('Activity Planner'!$G$5:$G$1004,$O56)="","",INDEX('Activity Planner'!$G$5:$G$1004,$O56))) -> 0 | D56: =IF($O56="","",IF(INDEX('Activity Planner'!$D$5:$D$1004,$O56)="","",INDEX('Activity Planner'!$D$5:$D$1004,$O56))) -> 0 | E56: =IF($O56="","",IF(INDEX('Activity Planner'!$E$5:$E$1004,$O56)="","",INDEX('Activity Planner'!$E$5:$E$1004,$O56))) -> 0 | F56: =IF($O56="","",IF(INDEX('Activity Planner'!$H$5:$H$1004,$O56)="","",INDEX('Activity Planner'!$H$5:$H$1004,$O56))) -> 0 | G56: =IF($O56="","",IF(INDEX('Activity Planner'!$I$5:$I$1004,$O56)="","",INDEX('Activity Planner'!$I$5:$I$1004,$O56))) -> 0 | H56: =IF($O56="","",IF(INDEX('Activity Planner'!$J$5:$J$1004,$O56)="","",INDEX('Activity Planner'!$J$5:$J$1004,$O56))) -> 0 | O56: =IFERROR(MATCH(SMALL(Calc!$R$5:$R$1004,36),Calc!$R$5:$R$1004,0),"") -> 0
A57: =IF($O57="","",IF(INDEX('Activity Planner'!$B$5:$B$1004,$O57)="","",INDEX('Activity Planner'!$B$5:$B$1004,$O57))) -> 0 | B57: =IF($O57="","",IF(INDEX('Activity Planner'!$F$5:$F$1004,$O57)="","",INDEX('Activity Planner'!$F$5:$F$1004,$O57))) -> 0 | C57: =IF($O57="","",IF(INDEX('Activity Planner'!$G$5:$G$1004,$O57)="","",INDEX('Activity Planner'!$G$5:$G$1004,$O57))) -> 0 | D57: =IF($O57="","",IF(INDEX('Activity Planner'!$D$5:$D$1004,$O57)="","",INDEX('Activity Planner'!$D$5:$D$1004,$O57))) -> 0 | E57: =IF($O57="","",IF(INDEX('Activity Planner'!$E$5:$E$1004,$O57)="","",INDEX('Activity Planner'!$E$5:$E$1004,$O57))) -> 0 | F57: =IF($O57="","",IF(INDEX('Activity Planner'!$H$5:$H$1004,$O57)="","",INDEX('Activity Planner'!$H$5:$H$1004,$O57))) -> 0 | G57: =IF($O57="","",IF(INDEX('Activity Planner'!$I$5:$I$1004,$O57)="","",INDEX('Activity Planner'!$I$5:$I$1004,$O57))) -> 0 | H57: =IF($O57="","",IF(INDEX('Activity Planner'!$J$5:$J$1004,$O57)="","",INDEX('Activity Planner'!$J$5:$J$1004,$O57))) -> 0 | O57: =IFERROR(MATCH(SMALL(Calc!$R$5:$R$1004,37),Calc!$R$5:$R$1004,0),"") -> 0
A58: =IF($O58="","",IF(INDEX('Activity Planner'!$B$5:$B$1004,$O58)="","",INDEX('Activity Planner'!$B$5:$B$1004,$O58))) -> 0 | B58: =IF($O58="","",IF(INDEX('Activity Planner'!$F$5:$F$1004,$O58)="","",INDEX('Activity Planner'!$F$5:$F$1004,$O58))) -> 0 | C58: =IF($O58="","",IF(INDEX('Activity Planner'!$G$5:$G$1004,$O58)="","",INDEX('Activity Planner'!$G$5:$G$1004,$O58))) -> 0 | D58: =IF($O58="","",IF(INDEX('Activity Planner'!$D$5:$D$1004,$O58)="","",INDEX('Activity Planner'!$D$5:$D$1004,$O58))) -> 0 | E58: =IF($O58="","",IF(INDEX('Activity Planner'!$E$5:$E$1004,$O58)="","",INDEX('Activity Planner'!$E$5:$E$1004,$O58))) -> 0 | F58: =IF($O58="","",IF(INDEX('Activity Planner'!$H$5:$H$1004,$O58)="","",INDEX('Activity Planner'!$H$5:$H$1004,$O58))) -> 0 | G58: =IF($O58="","",IF(INDEX('Activity Planner'!$I$5:$I$1004,$O58)="","",INDEX('Activity Planner'!$I$5:$I$1004,$O58))) -> 0 | H58: =IF($O58="","",IF(INDEX('Activity Planner'!$J$5:$J$1004,$O58)="","",INDEX('Activity Planner'!$J$5:$J$1004,$O58))) -> 0 | O58: =IFERROR(MATCH(SMALL(Calc!$R$5:$R$1004,38),Calc!$R$5:$R$1004,0),"") -> 0
A59: =IF($O59="","",IF(INDEX('Activity Planner'!$B$5:$B$1004,$O59)="","",INDEX('Activity Planner'!$B$5:$B$1004,$O59))) -> 0 | B59: =IF($O59="","",IF(INDEX('Activity Planner'!$F$5:$F$1004,$O59)="","",INDEX('Activity Planner'!$F$5:$F$1004,$O59))) -> 0 | C59: =IF($O59="","",IF(INDEX('Activity Planner'!$G$5:$G$1004,$O59)="","",INDEX('Activity Planner'!$G$5:$G$1004,$O59))) -> 0 | D59: =IF($O59="","",IF(INDEX('Activity Planner'!$D$5:$D$1004,$O59)="","",INDEX('Activity Planner'!$D$5:$D$1004,$O59))) -> 0 | E59: =IF($O59="","",IF(INDEX('Activity Planner'!$E$5:$E$1004,$O59)="","",INDEX('Activity Planner'!$E$5:$E$1004,$O59))) -> 0 | F59: =IF($O59="","",IF(INDEX('Activity Planner'!$H$5:$H$1004,$O59)="","",INDEX('Activity Planner'!$H$5:$H$1004,$O59))) -> 0 | G59: =IF($O59="","",IF(INDEX('Activity Planner'!$I$5:$I$1004,$O59)="","",INDEX('Activity Planner'!$I$5:$I$1004,$O59))) -> 0 | H59: =IF($O59="","",IF(INDEX('Activity Planner'!$J$5:$J$1004,$O59)="","",INDEX('Activity Planner'!$J$5:$J$1004,$O59))) -> 0 | O59: =IFERROR(MATCH(SMALL(Calc!$R$5:$R$1004,39),Calc!$R$5:$R$1004,0),"") -> 0
A60: =IF($O60="","",IF(INDEX('Activity Planner'!$B$5:$B$1004,$O60)="","",INDEX('Activity Planner'!$B$5:$B$1004,$O60))) -> 0 | B60: =IF($O60="","",IF(INDEX('Activity Planner'!$F$5:$F$1004,$O60)="","",INDEX('Activity Planner'!$F$5:$F$1004,$O60))) -> 0 | C60: =IF($O60="","",IF(INDEX('Activity Planner'!$G$5:$G$1004,$O60)="","",INDEX('Activity Planner'!$G$5:$G$1004,$O60))) -> 0 | D60: =IF($O60="","",IF(INDEX('Activity Planner'!$D$5:$D$1004,$O60)="","",INDEX('Activity Planner'!$D$5:$D$1004,$O60))) -> 0 | E60: =IF($O60="","",IF(INDEX('Activity Planner'!$E$5:$E$1004,$O60)="","",INDEX('Activity Planner'!$E$5:$E$1004,$O60))) -> 0 | F60: =IF($O60="","",IF(INDEX('Activity Planner'!$H$5:$H$1004,$O60)="","",INDEX('Activity Planner'!$H$5:$H$1004,$O60))) -> 0 | G60: =IF($O60="","",IF(INDEX('Activity Planner'!$I$5:$I$1004,$O60)="","",INDEX('Activity Planner'!$I$5:$I$1004,$O60))) -> 0 | H60: =IF($O60="","",IF(INDEX('Activity Planner'!$J$5:$J$1004,$O60)="","",INDEX('Activity Planner'!$J$5:$J$1004,$O60))) -> 0 | O60: =IFERROR(MATCH(SMALL(Calc!$R$5:$R$1004,40),Calc!$R$5:$R$1004,0),"") -> 0
A61: =IF($O61="","",IF(INDEX('Activity Planner'!$B$5:$B$1004,$O61)="","",INDEX('Activity Planner'!$B$5:$B$1004,$O61))) -> 0 | B61: =IF($O61="","",IF(INDEX('Activity Planner'!$F$5:$F$1004,$O61)="","",INDEX('Activity Planner'!$F$5:$F$1004,$O61))) -> 0 | C61: =IF($O61="","",IF(INDEX('Activity Planner'!$G$5:$G$1004,$O61)="","",INDEX('Activity Planner'!$G$5:$G$1004,$O61))) -> 0 | D61: =IF($O61="","",IF(INDEX('Activity Planner'!$D$5:$D$1004,$O61)="","",INDEX('Activity Planner'!$D$5:$D$1004,$O61))) -> 0 | E61: =IF($O61="","",IF(INDEX('Activity Planner'!$E$5:$E$1004,$O61)="","",INDEX('Activity Planner'!$E$5:$E$1004,$O61))) -> 0 | F61: =IF($O61="","",IF(INDEX('Activity Planner'!$H$5:$H$1004,$O61)="","",INDEX('Activity Planner'!$H$5:$H$1004,$O61))) -> 0 | G61: =IF($O61="","",IF(INDEX('Activity Planner'!$I$5:$I$1004,$O61)="","",INDEX('Activity Planner'!$I$5:$I$1004,$O61))) -> 0 | H61: =IF($O61="","",IF(INDEX('Activity Planner'!$J$5:$J$1004,$O61)="","",INDEX('Activity Planner'!$J$5:$J$1004,$O61))) -> 0 | O61: =IFERROR(MATCH(SMALL(Calc!$R$5:$R$1004,41),Calc!$R$5:$R$1004,0),"") -> 0
A62: =IF($O62="","",IF(INDEX('Activity Planner'!$B$5:$B$1004,$O62)="","",INDEX('Activity Planner'!$B$5:$B$1004,$O62))) -> 0 | B62: =IF($O62="","",IF(INDEX('Activity Planner'!$F$5:$F$1004,$O62)="","",INDEX('Activity Planner'!$F$5:$F$1004,$O62))) -> 0 | C62: =IF($O62="","",IF(INDEX('Activity Planner'!$G$5:$G$1004,$O62)="","",INDEX('Activity Planner'!$G$5:$G$1004,$O62))) -> 0 | D62: =IF($O62="","",IF(INDEX('Activity Planner'!$D$5:$D$1004,$O62)="","",INDEX('Activity Planner'!$D$5:$D$1004,$O62))) -> 0 | E62: =IF($O62="","",IF(INDEX('Activity Planner'!$E$5:$E$1004,$O62)="","",INDEX('Activity Planner'!$E$5:$E$1004,$O62))) -> 0 | F62: =IF($O62="","",IF(INDEX('Activity Planner'!$H$5:$H$1004,$O62)="","",INDEX('Activity Planner'!$H$5:$H$1004,$O62))) -> 0 | G62: =IF($O62="","",IF(INDEX('Activity Planner'!$I$5:$I$1004,$O62)="","",INDEX('Activity Planner'!$I$5:$I$1004,$O62))) -> 0 | H62: =IF($O62="","",IF(INDEX('Activity Planner'!$J$5:$J$1004,$O62)="","",INDEX('Activity Planner'!$J$5:$J$1004,$O62))) -> 0 | O62: =IFERROR(MATCH(SMALL(Calc!$R$5:$R$1004,42),Calc!$R$5:$R$1004,0),"") -> 0
A63: =IF($O63="","",IF(INDEX('Activity Planner'!$B$5:$B$1004,$O63)="","",INDEX('Activity Planner'!$B$5:$B$1004,$O63))) -> 0 | B63: =IF($O63="","",IF(INDEX('Activity Planner'!$F$5:$F$1004,$O63)="","",INDEX('Activity Planner'!$F$5:$F$1004,$O63))) -> 0 | C63: =IF($O63="","",IF(INDEX('Activity Planner'!$G$5:$G$1004,$O63)="","",INDEX('Activity Planner'!$G$5:$G$1004,$O63))) -> 0 | D63: =IF($O63="","",IF(INDEX('Activity Planner'!$D$5:$D$1004,$O63)="","",INDEX('Activity Planner'!$D$5:$D$1004,$O63))) -> 0 | E63: =IF($O63="","",IF(INDEX('Activity Planner'!$E$5:$E$1004,$O63)="","",INDEX('Activity Planner'!$E$5:$E$1004,$O63))) -> 0 | F63: =IF($O63="","",IF(INDEX('Activity Planner'!$H$5:$H$1004,$O63)="","",INDEX('Activity Planner'!$H$5:$H$1004,$O63))) -> 0 | G63: =IF($O63="","",IF(INDEX('Activity Planner'!$I$5:$I$1004,$O63)="","",INDEX('Activity Planner'!$I$5:$I$1004,$O63))) -> 0 | H63: =IF($O63="","",IF(INDEX('Activity Planner'!$J$5:$J$1004,$O63)="","",INDEX('Activity Planner'!$J$5:$J$1004,$O63))) -> 0 | O63: =IFERROR(MATCH(SMALL(Calc!$R$5:$R$1004,43),Calc!$R$5:$R$1004,0),"") -> 0
A64: =IF($O64="","",IF(INDEX('Activity Planner'!$B$5:$B$1004,$O64)="","",INDEX('Activity Planner'!$B$5:$B$1004,$O64))) -> 0 | B64: =IF($O64="","",IF(INDEX('Activity Planner'!$F$5:$F$1004,$O64)="","",INDEX('Activity Planner'!$F$5:$F$1004,$O64))) -> 0 | C64: =IF($O64="","",IF(INDEX('Activity Planner'!$G$5:$G$1004,$O64)="","",INDEX('Activity Planner'!$G$5:$G$1004,$O64))) -> 0 | D64: =IF($O64="","",IF(INDEX('Activity Planner'!$D$5:$D$1004,$O64)="","",INDEX('Activity Planner'!$D$5:$D$1004,$O64))) -> 0 | E64: =IF($O64="","",IF(INDEX('Activity Planner'!$E$5:$E$1004,$O64)="","",INDEX('Activity Planner'!$E$5:$E$1004,$O64))) -> 0 | F64: =IF($O64="","",IF(INDEX('Activity Planner'!$H$5:$H$1004,$O64)="","",INDEX('Activity Planner'!$H$5:$H$1004,$O64))) -> 0 | G64: =IF($O64="","",IF(INDEX('Activity Planner'!$I$5:$I$1004,$O64)="","",INDEX('Activity Planner'!$I$5:$I$1004,$O64))) -> 0 | H64: =IF($O64="","",IF(INDEX('Activity Planner'!$J$5:$J$1004,$O64)="","",INDEX('Activity Planner'!$J$5:$J$1004,$O64))) -> 0 | O64: =IFERROR(MATCH(SMALL(Calc!$R$5:$R$1004,44),Calc!$R$5:$R$1004,0),"") -> 0
A65: =IF($O65="","",IF(INDEX('Activity Planner'!$B$5:$B$1004,$O65)="","",INDEX('Activity Planner'!$B$5:$B$1004,$O65))) -> 0 | B65: =IF($O65="","",IF(INDEX('Activity Planner'!$F$5:$F$1004,$O65)="","",INDEX('Activity Planner'!$F$5:$F$1004,$O65))) -> 0 | C65: =IF($O65="","",IF(INDEX('Activity Planner'!$G$5:$G$1004,$O65)="","",INDEX('Activity Planner'!$G$5:$G$1004,$O65))) -> 0 | D65: =IF($O65="","",IF(INDEX('Activity Planner'!$D$5:$D$1004,$O65)="","",INDEX('Activity Planner'!$D$5:$D$1004,$O65))) -> 0 | E65: =IF($O65="","",IF(INDEX('Activity Planner'!$E$5:$E$1004,$O65)="","",INDEX('Activity Planner'!$E$5:$E$1004,$O65))) -> 0 | F65: =IF($O65="","",IF(INDEX('Activity Planner'!$H$5:$H$1004,$O65)="","",INDEX('Activity Planner'!$H$5:$H$1004,$O65))) -> 0 | G65: =IF($O65="","",IF(INDEX('Activity Planner'!$I$5:$I$1004,$O65)="","",INDEX('Activity Planner'!$I$5:$I$1004,$O65))) -> 0 | H65: =IF($O65="","",IF(INDEX('Activity Planner'!$J$5:$J$1004,$O65)="","",INDEX('Activity Planner'!$J$5:$J$1004,$O65))) -> 0 | O65: =IFERROR(MATCH(SMALL(Calc!$R$5:$R$1004,45),Calc!$R$5:$R$1004,0),"") -> 0
A66: =IF($O66="","",IF(INDEX('Activity Planner'!$B$5:$B$1004,$O66)="","",INDEX('Activity Planner'!$B$5:$B$1004,$O66))) -> 0 | B66: =IF($O66="","",IF(INDEX('Activity Planner'!$F$5:$F$1004,$O66)="","",INDEX('Activity Planner'!$F$5:$F$1004,$O66))) -> 0 | C66: =IF($O66="","",IF(INDEX('Activity Planner'!$G$5:$G$1004,$O66)="","",INDEX('Activity Planner'!$G$5:$G$1004,$O66))) -> 0 | D66: =IF($O66="","",IF(INDEX('Activity Planner'!$D$5:$D$1004,$O66)="","",INDEX('Activity Planner'!$D$5:$D$1004,$O66))) -> 0 | E66: =IF($O66="","",IF(INDEX('Activity Planner'!$E$5:$E$1004,$O66)="","",INDEX('Activity Planner'!$E$5:$E$1004,$O66))) -> 0 | F66: =IF($O66="","",IF(INDEX('Activity Planner'!$H$5:$H$1004,$O66)="","",INDEX('Activity Planner'!$H$5:$H$1004,$O66))) -> 0 | G66: =IF($O66="","",IF(INDEX('Activity Planner'!$I$5:$I$1004,$O66)="","",INDEX('Activity Planner'!$I$5:$I$1004,$O66))) -> 0 | H66: =IF($O66="","",IF(INDEX('Activity Planner'!$J$5:$J$1004,$O66)="","",INDEX('Activity Planner'!$J$5:$J$1004,$O66))) -> 0 | O66: =IFERROR(MATCH(SMALL(Calc!$R$5:$R$1004,46),Calc!$R$5:$R$1004,0),"") -> 0
A67: =IF($O67="","",IF(INDEX('Activity Planner'!$B$5:$B$1004,$O67)="","",INDEX('Activity Planner'!$B$5:$B$1004,$O67))) -> 0 | B67: =IF($O67="","",IF(INDEX('Activity Planner'!$F$5:$F$1004,$O67)="","",INDEX('Activity Planner'!$F$5:$F$1004,$O67))) -> 0 | C67: =IF($O67="","",IF(INDEX('Activity Planner'!$G$5:$G$1004,$O67)="","",INDEX('Activity Planner'!$G$5:$G$1004,$O67))) -> 0 | D67: =IF($O67="","",IF(INDEX('Activity Planner'!$D$5:$D$1004,$O67)="","",INDEX('Activity Planner'!$D$5:$D$1004,$O67))) -> 0 | E67: =IF($O67="","",IF(INDEX('Activity Planner'!$E$5:$E$1004,$O67)="","",INDEX('Activity Planner'!$E$5:$E$1004,$O67))) -> 0 | F67: =IF($O67="","",IF(INDEX('Activity Planner'!$H$5:$H$1004,$O67)="","",INDEX('Activity Planner'!$H$5:$H$1004,$O67))) -> 0 | G67: =IF($O67="","",IF(INDEX('Activity Planner'!$I$5:$I$1004,$O67)="","",INDEX('Activity Planner'!$I$5:$I$1004,$O67))) -> 0 | H67: =IF($O67="","",IF(INDEX('Activity Planner'!$J$5:$J$1004,$O67)="","",INDEX('Activity Planner'!$J$5:$J$1004,$O67))) -> 0 | O67: =IFERROR(MATCH(SMALL(Calc!$R$5:$R$1004,47),Calc!$R$5:$R$1004,0),"") -> 0
A68: =IF($O68="","",IF(INDEX('Activity Planner'!$B$5:$B$1004,$O68)="","",INDEX('Activity Planner'!$B$5:$B$1004,$O68))) -> 0 | B68: =IF($O68="","",IF(INDEX('Activity Planner'!$F$5:$F$1004,$O68)="","",INDEX('Activity Planner'!$F$5:$F$1004,$O68))) -> 0 | C68: =IF($O68="","",IF(INDEX('Activity Planner'!$G$5:$G$1004,$O68)="","",INDEX('Activity Planner'!$G$5:$G$1004,$O68))) -> 0 | D68: =IF($O68="","",IF(INDEX('Activity Planner'!$D$5:$D$1004,$O68)="","",INDEX('Activity Planner'!$D$5:$D$1004,$O68))) -> 0 | E68: =IF($O68="","",IF(INDEX('Activity Planner'!$E$5:$E$1004,$O68)="","",INDEX('Activity Planner'!$E$5:$E$1004,$O68))) -> 0 | F68: =IF($O68="","",IF(INDEX('Activity Planner'!$H$5:$H$1004,$O68)="","",INDEX('Activity Planner'!$H$5:$H$1004,$O68))) -> 0 | G68: =IF($O68="","",IF(INDEX('Activity Planner'!$I$5:$I$1004,$O68)="","",INDEX('Activity Planner'!$I$5:$I$1004,$O68))) -> 0 | H68: =IF($O68="","",IF(INDEX('Activity Planner'!$J$5:$J$1004,$O68)="","",INDEX('Activity Planner'!$J$5:$J$1004,$O68))) -> 0 | O68: =IFERROR(MATCH(SMALL(Calc!$R$5:$R$1004,48),Calc!$R$5:$R$1004,0),"") -> 0
A69: =IF($O69="","",IF(INDEX('Activity Planner'!$B$5:$B$1004,$O69)="","",INDEX('Activity Planner'!$B$5:$B$1004,$O69))) -> 0 | B69: =IF($O69="","",IF(INDEX('Activity Planner'!$F$5:$F$1004,$O69)="","",INDEX('Activity Planner'!$F$5:$F$1004,$O69))) -> 0 | C69: =IF($O69="","",IF(INDEX('Activity Planner'!$G$5:$G$1004,$O69)="","",INDEX('Activity Planner'!$G$5:$G$1004,$O69))) -> 0 | D69: =IF($O69="","",IF(INDEX('Activity Planner'!$D$5:$D$1004,$O69)="","",INDEX('Activity Planner'!$D$5:$D$1004,$O69))) -> 0 | E69: =IF($O69="","",IF(INDEX('Activity Planner'!$E$5:$E$1004,$O69)="","",INDEX('Activity Planner'!$E$5:$E$1004,$O69))) -> 0 | F69: =IF($O69="","",IF(INDEX('Activity Planner'!$H$5:$H$1004,$O69)="","",INDEX('Activity Planner'!$H$5:$H$1004,$O69))) -> 0 | G69: =IF($O69="","",IF(INDEX('Activity Planner'!$I$5:$I$1004,$O69)="","",INDEX('Activity Planner'!$I$5:$I$1004,$O69))) -> 0 | H69: =IF($O69="","",IF(INDEX('Activity Planner'!$J$5:$J$1004,$O69)="","",INDEX('Activity Planner'!$J$5:$J$1004,$O69))) -> 0 | O69: =IFERROR(MATCH(SMALL(Calc!$R$5:$R$1004,49),Calc!$R$5:$R$1004,0),"") -> 0
A70: =IF($O70="","",IF(INDEX('Activity Planner'!$B$5:$B$1004,$O70)="","",INDEX('Activity Planner'!$B$5:$B$1004,$O70))) -> 0 | B70: =IF($O70="","",IF(INDEX('Activity Planner'!$F$5:$F$1004,$O70)="","",INDEX('Activity Planner'!$F$5:$F$1004,$O70))) -> 0 | C70: =IF($O70="","",IF(INDEX('Activity Planner'!$G$5:$G$1004,$O70)="","",INDEX('Activity Planner'!$G$5:$G$1004,$O70))) -> 0 | D70: =IF($O70="","",IF(INDEX('Activity Planner'!$D$5:$D$1004,$O70)="","",INDEX('Activity Planner'!$D$5:$D$1004,$O70))) -> 0 | E70: =IF($O70="","",IF(INDEX('Activity Planner'!$E$5:$E$1004,$O70)="","",INDEX('Activity Planner'!$E$5:$E$1004,$O70))) -> 0 | F70: =IF($O70="","",IF(INDEX('Activity Planner'!$H$5:$H$1004,$O70)="","",INDEX('Activity Planner'!$H$5:$H$1004,$O70))) -> 0 | G70: =IF($O70="","",IF(INDEX('Activity Planner'!$I$5:$I$1004,$O70)="","",INDEX('Activity Planner'!$I$5:$I$1004,$O70))) -> 0 | H70: =IF($O70="","",IF(INDEX('Activity Planner'!$J$5:$J$1004,$O70)="","",INDEX('Activity Planner'!$J$5:$J$1004,$O70))) -> 0 | O70: =IFERROR(MATCH(SMALL(Calc!$R$5:$R$1004,50),Calc!$R$5:$R$1004,0),"") -> 0
A71: =IF($O71="","",IF(INDEX('Activity Planner'!$B$5:$B$1004,$O71)="","",INDEX('Activity Planner'!$B$5:$B$1004,$O71))) -> 0 | B71: =IF($O71="","",IF(INDEX('Activity Planner'!$F$5:$F$1004,$O71)="","",INDEX('Activity Planner'!$F$5:$F$1004,$O71))) -> 0 | C71: =IF($O71="","",IF(INDEX('Activity Planner'!$G$5:$G$1004,$O71)="","",INDEX('Activity Planner'!$G$5:$G$1004,$O71))) -> 0 | D71: =IF($O71="","",IF(INDEX('Activity Planner'!$D$5:$D$1004,$O71)="","",INDEX('Activity Planner'!$D$5:$D$1004,$O71))) -> 0 | E71: =IF($O71="","",IF(INDEX('Activity Planner'!$E$5:$E$1004,$O71)="","",INDEX('Activity Planner'!$E$5:$E$1004,$O71))) -> 0 | F71: =IF($O71="","",IF(INDEX('Activity Planner'!$H$5:$H$1004,$O71)="","",INDEX('Activity Planner'!$H$5:$H$1004,$O71))) -> 0 | G71: =IF($O71="","",IF(INDEX('Activity Planner'!$I$5:$I$1004,$O71)="","",INDEX('Activity Planner'!$I$5:$I$1004,$O71))) -> 0 | H71: =IF($O71="","",IF(INDEX('Activity Planner'!$J$5:$J$1004,$O71)="","",INDEX('Activity Planner'!$J$5:$J$1004,$O71))) -> 0 | O71: =IFERROR(MATCH(SMALL(Calc!$R$5:$R$1004,51),Calc!$R$5:$R$1004,0),"") -> 0
A72: =IF($O72="","",IF(INDEX('Activity Planner'!$B$5:$B$1004,$O72)="","",INDEX('Activity Planner'!$B$5:$B$1004,$O72))) -> 0 | B72: =IF($O72="","",IF(INDEX('Activity Planner'!$F$5:$F$1004,$O72)="","",INDEX('Activity Planner'!$F$5:$F$1004,$O72))) -> 0 | C72: =IF($O72="","",IF(INDEX('Activity Planner'!$G$5:$G$1004,$O72)="","",INDEX('Activity Planner'!$G$5:$G$1004,$O72))) -> 0 | D72: =IF($O72="","",IF(INDEX('Activity Planner'!$D$5:$D$1004,$O72)="","",INDEX('Activity Planner'!$D$5:$D$1004,$O72))) -> 0 | E72: =IF($O72="","",IF(INDEX('Activity Planner'!$E$5:$E$1004,$O72)="","",INDEX('Activity Planner'!$E$5:$E$1004,$O72))) -> 0 | F72: =IF($O72="","",IF(INDEX('Activity Planner'!$H$5:$H$1004,$O72)="","",INDEX('Activity Planner'!$H$5:$H$1004,$O72))) -> 0 | G72: =IF($O72="","",IF(INDEX('Activity Planner'!$I$5:$I$1004,$O72)="","",INDEX('Activity Planner'!$I$5:$I$1004,$O72))) -> 0 | H72: =IF($O72="","",IF(INDEX('Activity Planner'!$J$5:$J$1004,$O72)="","",INDEX('Activity Planner'!$J$5:$J$1004,$O72))) -> 0 | O72: =IFERROR(MATCH(SMALL(Calc!$R$5:$R$1004,52),Calc!$R$5:$R$1004,0),"") -> 0
